claim_id,claim_wording,where_used,claim_type,evidence_required,evidence_status,governing_clause,risk,decision,guardrail_verdict,guardrail_clause,reviewed_by,review_date
CL01,"Organic cotton fabric, certified by [certification body], licence no. [X]. Scan to see the certificate and what it covers.",Swing tag; product page,Certification,Valid scope + transaction certificates for the fabric and every processing stage,Not held (fictional brand),CCPA 1 [part 2]; CCPA 6(1); ASCI-GREEN 6; GOTS label grade ≥95%,Medium,Conditional: use only once certificates exist,,,,
CL02,"Made with [X]% organic cotton, licence no. [X].",Swing tag,Certification,Transaction certificate stating the organic %; GOTS 'made with' grade ≥70%,Not held,CCPA 1 [part 2]; CCPA 6(1); GOTS label grades,Medium,Conditional,,,,
CL03,Scan to see where your fabric was grown and woven.,Swing tag; QR page,Traceability,"Named farm, gin, mill, garment units, each with a certificate reference",Not held,CCPA 6(1),Low,Conditional,,,,
CL04,The fabric is certified organic; the packaging is not covered by this certification.,Product page,Scope statement,Certificate scope,Not held,CCPA 6(3); ASCI-GREEN 4 [part 2],Low,Conditional,,,,
CL05,"Fibre: 100% cotton. Care: gentle wash, dry in shade. Made in India.",Care label,Mandatory label,Fibre test report; care test,Available once sampled,TC-DRAFT 7; TC-DRAFT 1 [part 3]; Legal Metrology,Low,Use,,,,
CL06,Cut with 4 cm more room through the waist than our standard block.,Product page; fit guide,Fit,Documented pattern grading,Achievable in sampling,No environmental claim,Low,Use,,,,
CL07,Free alterations within 30 days of delivery.,Product page; box insert,Service,Published service terms,Policy decision,No environmental claim,Low,Use,,,,
CL08,Soft through a six-hour function.,Campaign; survey Card C,Performance,Documented wear trial with method and sample size,Not held,CCPA 1 [part 2] (verifiable evidence); ASCI Code Ch. I (substantiation),High,Test-only (survey stimulus); do not publish without trial,,,,
CL09,Rooted in nature. Refined by time.,Tagline candidate,Brand line,Qualifier or substantiation for 'nature',None,CCPA 5 (generic terms); CCPA 2 [part 2],Medium,On hold,,,,
CL10,Know what you wear.,Tagline candidate,Brand line,None: no environmental or performance claim,n/a,No environmental claim,Low,Use,,,,
CL11,"Every thread, accounted for.",Tagline candidate,Traceability,Trail covering all fibres including sewing thread,Not held,CCPA 6(1); CCPA 4 [part 2],Medium,Conditional,,,,
CL12,Made from natural fibres.,Survey Card A (control),Generic,n/a (control stimulus),n/a,CCPA 5 ('natural' is generic),High,Test-only; never publish,,,,
CL13,GOTS-certified organic cotton. Licence no. XX-GOTS-000000,Survey Card B,Certification,n/a (placeholder licence),n/a,CCPA 6 (placeholder must never look real in public),High,Test-only; never publish,,,,
CL14,Eco-friendly / sustainable / green / planet-friendly (unqualified),Anywhere,Generic,Not substantiable as an absolute claim,n/a,CCPA 5; ASCI-GREEN 1 [part 2],High,Banned,,,,
CL15,100% natural / chemical-free / non-toxic / hypoallergenic,Anywhere,Absolute / health,Not substantiable without full testing,n/a,CCPA 6(5); ASCI-GREEN 10,High,Banned,,,,
CL16,India's first / only certified-organic menswear brand,Anywhere,Comparative,Untrue: Isha Life sells an organic cotton men's kurta (register R032),n/a,CCPA 6(4); ASCI-GREEN 2 [part 2],High,Banned,,,,
CL17,Organic bamboo / organic lyocell,Anywhere,Fibre,Processed fibres cannot be organic,n/a,GOTS label grades; CCPA 5,High,Banned,,,,
CL18,Lookbook image created using AI.,Social; website,AI disclosure,Label on every AI image,Policy,ASCI-AI 2; ASCI-AI 4; IT Amendment Rules 2026,Low,Use (mandatory on AI images),,,,
CL19,AI-generated customer testimonial or review,Anywhere,Endorsement,Prohibited even with a label,n/a,ASCI-AI 1,High,Banned,,,,
CL20,"This box is made from recycled paperboard, certified by [body]; applies to the box only.",Packaging,Packaging,FSC or recycled-content certificate,Not held,ASCI-GREEN 4 [part 2]; ASCI-GREEN 6; CCPA 6(3),Low,Conditional,,,,
CL21,Our goal: [X]% certified-organic fibre across the range by [year]; plan and progress published at [link].,About page,Aspirational,Published actionable plan with milestones,Not held,ASCI-GREEN 8,Medium,Conditional,,,,
CL22,No markdowns on the Ceremonial line.,Store; website,Pricing,Pricing policy,Policy decision,Legal Metrology (MRP display),Low,Use,,,,
