review_id,brand,product_name,site,product_url,rating,review_text,review_date,words,language,sentiment_from_stars,Fit and size,Fabric and material,Comfort and feel,Quality and durability,Colour and look,Price and value,Delivery and returns,Bought as a gift
V0001,Fabindia,Striped Mandarin Collar Cotton Straight Kurta,Myntra,https://www.myntra.com/kurtas/fabindia/fabindia-striped-mandarin-collar-cotton-straight-kurta/30031310/buy,5,Quality is very good and perfect for summer !,19 Mar 2025,9,English,positive,False,False,False,True,False,False,False,False
V0002,Fabindia,Striped Mandarin Collar Cotton Straight Kurta,Myntra,https://www.myntra.com/kurtas/fabindia/fabindia-striped-mandarin-collar-cotton-straight-kurta/30031310/buy,5,"I recently purchased this pink kurta pajama, and I must say I’m thoroughly impressed. The color is vibrant yet soft—perfect for festive occasions, weddings, or even casual gatherings.",1 June 2025,28,English,positive,False,False,True,False,True,False,False,False
V0003,Fabindia,Striped Mandarin Collar Cotton Straight Kurta,Myntra,https://www.myntra.com/kurtas/fabindia/fabindia-striped-mandarin-collar-cotton-straight-kurta/30031310/buy,5,Product quality is good but green is more prominent than it is in picture.,21 Nov 2024,14,English,positive,False,False,False,True,True,False,False,False
V0004,Fabindia,Striped Mandarin Collar Cotton Straight Kurta,Myntra,https://www.myntra.com/kurtas/fabindia/fabindia-striped-mandarin-collar-cotton-straight-kurta/30031310/buy,5,Extremely comfortable kurta.The sleeves are bit long though.,28 July 2025,8,English,positive,True,False,True,False,False,False,False,False
V0005,Fabindia,Striped Mandarin Collar Cotton Straight Kurta,Myntra,https://www.myntra.com/kurtas/fabindia/fabindia-striped-mandarin-collar-cotton-straight-kurta/30031310/buy,5,Got it for my dad . Runs a lil big especially sleeves but looks really elegant.,6 Apr 2026,16,English,positive,True,False,False,False,True,False,False,True
V0006,Fabindia,Striped Mandarin Collar Cotton Straight Kurta,Myntra,https://www.myntra.com/kurtas/fabindia/fabindia-striped-mandarin-collar-cotton-straight-kurta/30031310/buy,5,Looks even better in person and sizing is also perfectly fitted.,18 Nov 2024,11,English,positive,True,False,False,False,True,False,False,False
V0007,Fabindia,Striped Mandarin Collar Cotton Straight Kurta,Myntra,https://www.myntra.com/kurtas/fabindia/fabindia-striped-mandarin-collar-cotton-straight-kurta/30031310/buy,4,"Product is good, but little tight. Material is transparent. But look is good",11 Aug 2026,13,English,positive,True,True,False,False,True,False,False,False
V0008,Fabindia,Striped Mandarin Collar Cotton Straight Kurta,Myntra,https://www.myntra.com/kurtas/fabindia/fabindia-striped-mandarin-collar-cotton-straight-kurta/30031310/buy,5,Very nice product the quality the thread work everything looks great 👍,3 Oct 2025,12,English,positive,False,False,False,True,True,False,False,False
V0009,Fabindia,Striped Mandarin Collar Cotton Straight Kurta,Myntra,https://www.myntra.com/kurtas/fabindia/fabindia-striped-mandarin-collar-cotton-straight-kurta/30031310/buy,5,Very comfortable and good fabric... Good for day wear,23 Oct 2024,9,English,positive,False,True,True,False,False,False,False,False
V0010,Fabindia,Striped Mandarin Collar Cotton Straight Kurta,Myntra,https://www.myntra.com/kurtas/fabindia/fabindia-striped-mandarin-collar-cotton-straight-kurta/30031310/buy,4,"Good quality cotton product, genuine one, decent discount offered",5 Mar 2026,9,English,positive,False,True,False,True,False,True,False,False
V0011,Fabindia,Striped Mandarin Collar Cotton Straight Kurta,Myntra,https://www.myntra.com/kurtas/fabindia/fabindia-striped-mandarin-collar-cotton-straight-kurta/30031310/buy,5,Color and material is great. Product is fitted really well.,10 Apr 2025,10,English,positive,True,True,False,False,True,False,False,False
V0012,Fabindia,Striped Mandarin Collar Cotton Straight Kurta,Myntra,https://www.myntra.com/kurtas/fabindia/fabindia-striped-mandarin-collar-cotton-straight-kurta/30031310/buy,5,"Beautiful fit, lovely and comfortable cloth",5 Oct 2025,6,English,positive,True,True,True,False,True,False,False,False
V0013,Fabindia,Striped Mandarin Collar Cotton Straight Kurta,Myntra,https://www.myntra.com/kurtas/fabindia/fabindia-striped-mandarin-collar-cotton-straight-kurta/30031310/buy,5,Best quality product with exact fitting,2 July 2025,6,English,positive,True,False,False,True,False,False,False,False
V0014,Fabindia,Striped Mandarin Collar Cotton Straight Kurta,Myntra,https://www.myntra.com/kurtas/fabindia/fabindia-striped-mandarin-collar-cotton-straight-kurta/30031310/buy,4,The size is good but the length is too long.,5 Sept 2026,10,English,positive,True,False,False,False,False,False,False,False
V0015,Fabindia,Striped Mandarin Collar Cotton Straight Kurta,Myntra,https://www.myntra.com/kurtas/fabindia/fabindia-striped-mandarin-collar-cotton-straight-kurta/30031310/buy,5,Nice kurta a bit big for Size M,28 Sept 2025,8,English,positive,True,False,False,False,False,False,False,False
V0016,Fabindia,Striped Mandarin Collar Cotton Straight Kurta,Myntra,https://www.myntra.com/kurtas/fabindia/fabindia-striped-mandarin-collar-cotton-straight-kurta/30031310/buy,5,"Great quality kurta, nice design!",18 Mar 2026,5,English,positive,False,False,False,True,True,False,False,False
V0017,Fabindia,Striped Mandarin Collar Cotton Straight Kurta,Myntra,https://www.myntra.com/kurtas/fabindia/fabindia-striped-mandarin-collar-cotton-straight-kurta/30031310/buy,5,Amazing fit and material,3 Oct 2024,4,English,positive,True,True,False,False,False,False,False,False
V0018,Fabindia,Striped Mandarin Collar Cotton Straight Kurta,Myntra,https://www.myntra.com/kurtas/fabindia/fabindia-striped-mandarin-collar-cotton-straight-kurta/30031310/buy,5,Just perfect for small ethnic get together,31 Mar 2025,7,English,positive,True,False,False,False,False,False,False,False
V0019,Fabindia,Striped Mandarin Collar Cotton Straight Kurta,Myntra,https://www.myntra.com/kurtas/fabindia/fabindia-striped-mandarin-collar-cotton-straight-kurta/30031310/buy,5,Good colour and nice fittings,18 Feb 2026,5,English,positive,False,False,False,False,True,False,False,False
V0020,Fabindia,Striped Mandarin Collar Cotton Straight Kurta,Myntra,https://www.myntra.com/kurtas/fabindia/fabindia-striped-mandarin-collar-cotton-straight-kurta/30031310/buy,5,Excellent fit and pure cotton material!,13 Aug 2026,6,English,positive,True,True,False,False,False,False,False,False
V0021,Fabindia,Striped Mandarin Collar Cotton Straight Kurta,Myntra,https://www.myntra.com/kurtas/fabindia/fabindia-striped-mandarin-collar-cotton-straight-kurta/30031310/buy,5,Wonderful product😆,30 July 2025,2,English,positive,False,False,False,False,False,False,False,False
V0022,Fabindia,Striped Mandarin Collar Cotton Straight Kurta,Myntra,https://www.myntra.com/kurtas/fabindia/fabindia-striped-mandarin-collar-cotton-straight-kurta/30031310/buy,5,Cotton and nice design,27 Aug 2025,4,English,positive,False,True,False,False,True,False,False,False
V0023,Fabindia,Striped Mandarin Collar Cotton Straight Kurta,Myntra,https://www.myntra.com/kurtas/fabindia/fabindia-striped-mandarin-collar-cotton-straight-kurta/30031310/buy,5,Very nice fabric and good fit,14 May 2026,6,English,positive,True,True,False,False,False,False,False,False
V0024,Fabindia,Striped Mandarin Collar Cotton Straight Kurta,Myntra,https://www.myntra.com/kurtas/fabindia/fabindia-striped-mandarin-collar-cotton-straight-kurta/30031310/buy,5,Good product and quality,21 Apr 2026,4,English,positive,False,False,False,True,False,False,False,False
V0025,Fabindia,Striped Mandarin Collar Cotton Straight Kurta,Myntra,https://www.myntra.com/kurtas/fabindia/fabindia-striped-mandarin-collar-cotton-straight-kurta/30031310/buy,4,Good kurta but size bit big,7 Dec 2025,6,English,positive,True,False,False,False,False,False,False,False
V0026,Fabindia,Striped Mandarin Collar Cotton Straight Kurta,Myntra,https://www.myntra.com/kurtas/fabindia/fabindia-striped-mandarin-collar-cotton-straight-kurta/30031310/buy,3,Not pure cotton. And size wise little tight,21 May 2025,8,English,neutral,True,True,False,False,False,False,False,False
V0027,Fabindia,Striped Mandarin Collar Cotton Straight Kurta,Myntra,https://www.myntra.com/kurtas/fabindia/fabindia-striped-mandarin-collar-cotton-straight-kurta/30031310/buy,5,Worth it product,26 Sept 2024,3,English,positive,False,False,False,False,False,True,False,False
V0028,Fabindia,Striped Mandarin Collar Cotton Straight Kurta,Myntra,https://www.myntra.com/kurtas/fabindia/fabindia-striped-mandarin-collar-cotton-straight-kurta/30031310/buy,4,Good product,2 Apr 2025,2,English,positive,False,False,False,False,False,False,False,False
V0029,Fabindia,Striped Mandarin Collar Cotton Straight Kurta,Myntra,https://www.myntra.com/kurtas/fabindia/fabindia-striped-mandarin-collar-cotton-straight-kurta/30031310/buy,5,So beautiful,12 July 2026,2,English,positive,False,False,False,False,True,False,False,False
V0030,Fabindia,Striped Mandarin Collar Cotton Straight Kurta,Myntra,https://www.myntra.com/kurtas/fabindia/fabindia-striped-mandarin-collar-cotton-straight-kurta/30031310/buy,5,Nice texture,27 Nov 2024,2,English,positive,False,True,False,False,False,False,False,False
V0031,Fabindia,Striped Mandarin Collar Cotton Straight Kurta,Myntra,https://www.myntra.com/kurtas/fabindia/fabindia-striped-mandarin-collar-cotton-straight-kurta/30031310/buy,5,Fab product,1 May 2025,2,English,positive,False,False,False,False,False,False,False,False
V0032,Fabindia,Striped Mandarin Collar Cotton Straight Kurta,Myntra,https://www.myntra.com/kurtas/fabindia/fabindia-striped-mandarin-collar-cotton-straight-kurta/30031310/buy,5,Beautiful kurta,16 Oct 2025,2,English,positive,False,False,False,False,True,False,False,False
V0033,Fabindia,Striped Mandarin Collar Cotton Straight Kurta,Myntra,https://www.myntra.com/kurtas/fabindia/fabindia-striped-mandarin-collar-cotton-straight-kurta/30031310/buy,4,Soft and breathable,12 Jan 2026,3,English,positive,False,False,True,False,False,False,False,False
V0034,Fabindia,Striped Mandarin Collar Cotton Straight Kurta,Myntra,https://www.myntra.com/kurtas/fabindia/fabindia-striped-mandarin-collar-cotton-straight-kurta/30031310/buy,5,Nice material,23 July 2026,2,English,positive,False,True,False,False,False,False,False,False
V0035,Fabindia,Striped Mandarin Collar Cotton Straight Kurta,Myntra,https://www.myntra.com/kurtas/fabindia/fabindia-striped-mandarin-collar-cotton-straight-kurta/30031310/buy,5,Very 👍 Good,22 July 2025,3,English,positive,False,False,False,False,False,False,False,False
V0036,Fabindia,Striped Mandarin Collar Cotton Straight Kurta,Myntra,https://www.myntra.com/kurtas/fabindia/fabindia-striped-mandarin-collar-cotton-straight-kurta/30031310/buy,5,Super cool,17 Dec 2024,2,English,positive,False,False,False,False,False,False,False,False
V0037,Fabindia,Striped Mandarin Collar Cotton Straight Kurta,Myntra,https://www.myntra.com/kurtas/fabindia/fabindia-striped-mandarin-collar-cotton-straight-kurta/30031310/buy,5,Love it,26 Nov 2025,2,English,positive,False,False,False,False,False,False,False,False
V0038,Fabindia,Striped Mandarin Collar Cotton Straight Kurta,Myntra,https://www.myntra.com/kurtas/fabindia/fabindia-striped-mandarin-collar-cotton-straight-kurta/30031310/buy,5,Good quality,1 Sept 2025,2,English,positive,False,False,False,True,False,False,False,False
V0039,Fabindia,Striped Mandarin Collar Cotton Straight Kurta,Myntra,https://www.myntra.com/kurtas/fabindia/fabindia-striped-mandarin-collar-cotton-straight-kurta/30031310/buy,5,Good,18 Feb 2026,1,English,positive,False,False,False,False,False,False,False,False
V0040,Fabindia,Striped Mandarin Collar Cotton Straight Kurta,Myntra,https://www.myntra.com/kurtas/fabindia/fabindia-striped-mandarin-collar-cotton-straight-kurta/30031310/buy,5,Nice,28 Oct 2024,1,English,positive,False,False,False,False,False,False,False,False
V0041,Fabindia,Striped Mandarin Collar Cotton Straight Kurta,Myntra,https://www.myntra.com/kurtas/fabindia/fabindia-striped-mandarin-collar-cotton-straight-kurta/30031310/buy,4,Liked it very much,17 June 2025,4,English,positive,False,False,False,False,False,False,False,False
V0042,Fabindia,Striped Mandarin Collar Cotton Straight Kurta,Myntra,https://www.myntra.com/kurtas/fabindia/fabindia-striped-mandarin-collar-cotton-straight-kurta/30031310/buy,5,Good as always.,19 June 2025,3,English,positive,False,False,False,False,False,False,False,False
V0043,Fabindia,Striped Mandarin Collar Cotton Straight Kurta,Myntra,https://www.myntra.com/kurtas/fabindia/fabindia-striped-mandarin-collar-cotton-straight-kurta/30031310/buy,5,Nice fabric and looks good.,9 July 2026,5,English,positive,False,True,False,False,True,False,False,False
V0044,Fabindia,Striped Mandarin Collar Cotton Straight Kurta,Myntra,https://www.myntra.com/kurtas/fabindia/fabindia-striped-mandarin-collar-cotton-straight-kurta/30031310/buy,5,Very nice,6 June 2026,2,English,positive,False,False,False,False,False,False,False,False
V0045,Fabindia,Striped Mandarin Collar Cotton Straight Kurta,Myntra,https://www.myntra.com/kurtas/fabindia/fabindia-striped-mandarin-collar-cotton-straight-kurta/30031310/buy,5,Great,26 Nov 2025,1,English,positive,False,False,False,False,False,False,False,False
V0046,Fabindia,Striped Mandarin Collar Cotton Straight Kurta,Myntra,https://www.myntra.com/kurtas/fabindia/fabindia-striped-mandarin-collar-cotton-straight-kurta/30031310/buy,5,Very nyc,25 June 2025,2,English,positive,False,False,False,False,False,False,False,False
V0047,Fabindia,Striped Mandarin Collar Cotton Straight Kurta,Myntra,https://www.myntra.com/kurtas/fabindia/fabindia-striped-mandarin-collar-cotton-straight-kurta/30031310/buy,4,Good,20 Dec 2025,1,English,positive,False,False,False,False,False,False,False,False
V0048,Fabindia,Striped Mandarin Collar Cotton Straight Kurta,Myntra,https://www.myntra.com/kurtas/fabindia/fabindia-striped-mandarin-collar-cotton-straight-kurta/30031310/buy,5,Nice,8 Apr 2026,1,English,positive,False,False,False,False,False,False,False,False
V0049,Fabindia,Striped Mandarin Collar Cotton Straight Kurta,Myntra,https://www.myntra.com/kurtas/fabindia/fabindia-striped-mandarin-collar-cotton-straight-kurta/30031310/buy,4,Pure cotton kurta,16 Sept 2026,3,English,positive,False,True,False,False,False,False,False,False
V0050,Fabindia,Striped Mandarin Collar Cotton Straight Kurta,Myntra,https://www.myntra.com/kurtas/fabindia/fabindia-striped-mandarin-collar-cotton-straight-kurta/30031310/buy,4,Quality is fine,31 Jan 2025,3,English,positive,False,False,False,True,False,False,False,False
V0051,Fabindia,Striped Mandarin Collar Cotton Straight Kurta,Myntra,https://www.myntra.com/kurtas/fabindia/fabindia-striped-mandarin-collar-cotton-straight-kurta/30031310/buy,4,Beautiful kurta,28 Feb 2025,2,English,positive,False,False,False,False,True,False,False,False
V0052,Fabindia,Striped Mandarin Collar Cotton Straight Kurta,Myntra,https://www.myntra.com/kurtas/fabindia/fabindia-striped-mandarin-collar-cotton-straight-kurta/30031310/buy,5,Good,26 Nov 2025,1,English,positive,False,False,False,False,False,False,False,False
V0053,Fabindia,Striped Mandarin Collar Cotton Straight Kurta,Myntra,https://www.myntra.com/kurtas/fabindia/fabindia-striped-mandarin-collar-cotton-straight-kurta/30031310/buy,4,Nice purchase,18 May 2026,2,English,positive,False,False,False,False,False,False,False,False
V0054,Fabindia,Striped Mandarin Collar Cotton Straight Kurta,Myntra,https://www.myntra.com/kurtas/fabindia/fabindia-striped-mandarin-collar-cotton-straight-kurta/30031310/buy,4,Nice lenin,22 Sept 2025,2,English,positive,False,True,False,False,False,False,False,False
V0055,Fabindia,Striped Mandarin Collar Cotton Straight Kurta,Myntra,https://www.myntra.com/kurtas/fabindia/fabindia-striped-mandarin-collar-cotton-straight-kurta/30031310/buy,4,A good product!,23 May 2025,3,English,positive,False,False,False,False,False,False,False,False
V0056,Fabindia,Striped Mandarin Collar Cotton Straight Kurta,Myntra,https://www.myntra.com/kurtas/fabindia/fabindia-striped-mandarin-collar-cotton-straight-kurta/30031310/buy,4,Okay,31 July 2026,1,English,positive,False,False,False,False,False,False,False,False
V0057,Fabindia,Striped Mandarin Collar Cotton Straight Kurta,Myntra,https://www.myntra.com/kurtas/fabindia/fabindia-striped-mandarin-collar-cotton-straight-kurta/30031310/buy,4,Comfortable,8 Nov 2025,1,English,positive,False,False,True,False,False,False,False,False
V0058,Fabindia,Striped Mandarin Collar Cotton Straight Kurta,Myntra,https://www.myntra.com/kurtas/fabindia/fabindia-striped-mandarin-collar-cotton-straight-kurta/30031310/buy,5,Good,31 July 2025,1,English,positive,False,False,False,False,False,False,False,False
V0059,Fabindia,Striped Mandarin Collar Cotton Straight Kurta,Myntra,https://www.myntra.com/kurtas/fabindia/fabindia-striped-mandarin-collar-cotton-straight-kurta/30031310/buy,5,Good,21 Aug 2025,1,English,positive,False,False,False,False,False,False,False,False
V0060,Fabindia,Striped Mandarin Collar Cotton Straight Kurta,Myntra,https://www.myntra.com/kurtas/fabindia/fabindia-striped-mandarin-collar-cotton-straight-kurta/30031310/buy,5,Very nice,31 Oct 2024,2,English,positive,False,False,False,False,False,False,False,False
V0061,Fabindia,Striped Mandarin Collar Cotton Straight Kurta,Myntra,https://www.myntra.com/kurtas/fabindia/fabindia-striped-mandarin-collar-cotton-straight-kurta/30031310/buy,5,Just wow,18 May 2026,2,English,positive,False,False,False,False,False,False,False,False
V0062,Fabindia,Striped Mandarin Collar Cotton Straight Kurta,Myntra,https://www.myntra.com/kurtas/fabindia/fabindia-striped-mandarin-collar-cotton-straight-kurta/30031310/buy,3,Didn’t like the fit,9 Jan 2026,4,English,neutral,True,False,False,False,False,False,False,False
V0063,Fabindia,Striped Mandarin Collar Cotton Straight Kurta,Myntra,https://www.myntra.com/kurtas/fabindia/fabindia-striped-mandarin-collar-cotton-straight-kurta/30031310/buy,3,Good,21 Nov 2025,1,English,neutral,False,False,False,False,False,False,False,False
V0064,Fabindia,Striped Mandarin Collar Cotton Straight Kurta,Myntra,https://www.myntra.com/kurtas/fabindia/fabindia-striped-mandarin-collar-cotton-straight-kurta/30031310/buy,2,Not a good fit,25 Sept 2025,4,English,negative,True,False,False,False,False,False,False,False
V0065,Fabindia,Striped Mandarin Collar Cotton Straight Kurta,Myntra,https://www.myntra.com/kurtas/fabindia/fabindia-striped-mandarin-collar-cotton-straight-kurta/30031310/buy,5,Good one,29 Sept 2025,2,English,positive,False,False,False,False,False,False,False,False
V0066,Fabindia,Geometric Woven Design Mandarin Collar Dobby Weave Cotton Straight Kurta,Myntra,https://www.myntra.com/kurtas/fabindia/fabindia-geometric-woven-design-mandarin-collar-dobby-weave-cotton-straight-kurta/30949751/buy,5,Febric is very good and comfortable 👌 Best for any occasion .superb collection Just ..loved it,21 July 2026,16,English,positive,False,True,True,False,False,False,False,False
V0067,Fabindia,Geometric Woven Design Mandarin Collar Dobby Weave Cotton Straight Kurta,Myntra,https://www.myntra.com/kurtas/fabindia/fabindia-geometric-woven-design-mandarin-collar-dobby-weave-cotton-straight-kurta/30949751/buy,5,The colour is exactly as displayed and the material is fine. The fit is good too.,24 July 2025,16,English,positive,True,True,False,False,True,False,False,False
V0068,Fabindia,Geometric Woven Design Mandarin Collar Dobby Weave Cotton Straight Kurta,Myntra,https://www.myntra.com/kurtas/fabindia/fabindia-geometric-woven-design-mandarin-collar-dobby-weave-cotton-straight-kurta/30949751/buy,5,Good fit . The quality is very good for the price and feels very light for summer use .,10 June 2026,19,English,positive,True,False,True,True,False,True,False,False
V0069,Fabindia,Geometric Woven Design Mandarin Collar Dobby Weave Cotton Straight Kurta,Myntra,https://www.myntra.com/kurtas/fabindia/fabindia-geometric-woven-design-mandarin-collar-dobby-weave-cotton-straight-kurta/30949751/buy,5,Great material.. .bought it for my brother and he loved it.,10 May 2026,11,English,positive,False,True,False,False,False,False,False,True
V0070,Fabindia,Geometric Woven Design Mandarin Collar Dobby Weave Cotton Straight Kurta,Myntra,https://www.myntra.com/kurtas/fabindia/fabindia-geometric-woven-design-mandarin-collar-dobby-weave-cotton-straight-kurta/30949751/buy,5,it's a high quality fabric . Thank you fab India and myntra .,25 Jan 2025,13,English,positive,False,True,False,True,False,False,False,False
V0071,Fabindia,Geometric Woven Design Mandarin Collar Dobby Weave Cotton Straight Kurta,Myntra,https://www.myntra.com/kurtas/fabindia/fabindia-geometric-woven-design-mandarin-collar-dobby-weave-cotton-straight-kurta/30949751/buy,4,Everything is fine just the length of the kurta is long,20 June 2026,11,English,positive,True,False,False,False,False,False,False,False
V0072,Fabindia,Geometric Woven Design Mandarin Collar Dobby Weave Cotton Straight Kurta,Myntra,https://www.myntra.com/kurtas/fabindia/fabindia-geometric-woven-design-mandarin-collar-dobby-weave-cotton-straight-kurta/30949751/buy,5,"Amazing quality by FabIndia, thank you Myntra for quick delivery",6 Feb 2026,10,English,positive,False,False,False,True,False,False,True,False
V0073,Fabindia,Geometric Woven Design Mandarin Collar Dobby Weave Cotton Straight Kurta,Myntra,https://www.myntra.com/kurtas/fabindia/fabindia-geometric-woven-design-mandarin-collar-dobby-weave-cotton-straight-kurta/30949751/buy,5,Little transparent but fabric quality is good,27 Apr 2026,7,English,positive,False,True,False,True,False,False,False,False
V0074,Fabindia,Geometric Woven Design Mandarin Collar Dobby Weave Cotton Straight Kurta,Myntra,https://www.myntra.com/kurtas/fabindia/fabindia-geometric-woven-design-mandarin-collar-dobby-weave-cotton-straight-kurta/30949751/buy,5,Good fitting. Nice color.,26 Jan 2026,4,English,positive,True,False,False,False,True,False,False,False
V0075,Fabindia,Geometric Woven Design Mandarin Collar Dobby Weave Cotton Straight Kurta,Myntra,https://www.myntra.com/kurtas/fabindia/fabindia-geometric-woven-design-mandarin-collar-dobby-weave-cotton-straight-kurta/30949751/buy,5,Very graceful and sophisticated look,22 May 2026,5,English,positive,False,False,False,False,True,False,False,False
V0076,Fabindia,Geometric Woven Design Mandarin Collar Dobby Weave Cotton Straight Kurta,Myntra,https://www.myntra.com/kurtas/fabindia/fabindia-geometric-woven-design-mandarin-collar-dobby-weave-cotton-straight-kurta/30949751/buy,5,Nice kurta Looks great,23 June 2026,4,English,positive,False,False,False,False,True,False,False,False
V0077,Fabindia,Geometric Woven Design Mandarin Collar Dobby Weave Cotton Straight Kurta,Myntra,https://www.myntra.com/kurtas/fabindia/fabindia-geometric-woven-design-mandarin-collar-dobby-weave-cotton-straight-kurta/30949751/buy,4,Quality and design was good,11 Sept 2026,5,English,positive,False,False,False,True,True,False,False,False
V0078,Fabindia,Geometric Woven Design Mandarin Collar Dobby Weave Cotton Straight Kurta,Myntra,https://www.myntra.com/kurtas/fabindia/fabindia-geometric-woven-design-mandarin-collar-dobby-weave-cotton-straight-kurta/30949751/buy,5,Good fitting and looks nice,10 June 2025,5,English,positive,True,False,False,False,True,False,False,False
V0079,Fabindia,Geometric Woven Design Mandarin Collar Dobby Weave Cotton Straight Kurta,Myntra,https://www.myntra.com/kurtas/fabindia/fabindia-geometric-woven-design-mandarin-collar-dobby-weave-cotton-straight-kurta/30949751/buy,5,Lovely colour and fabric.,11 Mar 2025,4,English,positive,False,True,False,False,True,False,False,False
V0080,Fabindia,Geometric Woven Design Mandarin Collar Dobby Weave Cotton Straight Kurta,Myntra,https://www.myntra.com/kurtas/fabindia/fabindia-geometric-woven-design-mandarin-collar-dobby-weave-cotton-straight-kurta/30949751/buy,5,Nice kurta...👍🏻👍🏻,14 Dec 2025,2,English,positive,False,False,False,False,False,False,False,False
V0081,Fabindia,Geometric Woven Design Mandarin Collar Dobby Weave Cotton Straight Kurta,Myntra,https://www.myntra.com/kurtas/fabindia/fabindia-geometric-woven-design-mandarin-collar-dobby-weave-cotton-straight-kurta/30949751/buy,5,It was very nice.,2 July 2026,4,English,positive,False,False,False,False,False,False,False,False
V0082,Fabindia,Geometric Woven Design Mandarin Collar Dobby Weave Cotton Straight Kurta,Myntra,https://www.myntra.com/kurtas/fabindia/fabindia-geometric-woven-design-mandarin-collar-dobby-weave-cotton-straight-kurta/30949751/buy,5,Very nice quality,15 Oct 2025,3,English,positive,False,False,False,True,False,False,False,False
V0083,Fabindia,Geometric Woven Design Mandarin Collar Dobby Weave Cotton Straight Kurta,Myntra,https://www.myntra.com/kurtas/fabindia/fabindia-geometric-woven-design-mandarin-collar-dobby-weave-cotton-straight-kurta/30949751/buy,5,Very comfortable,14 Oct 2025,2,English,positive,False,False,True,False,False,False,False,False
V0084,Fabindia,Geometric Woven Design Mandarin Collar Dobby Weave Cotton Straight Kurta,Myntra,https://www.myntra.com/kurtas/fabindia/fabindia-geometric-woven-design-mandarin-collar-dobby-weave-cotton-straight-kurta/30949751/buy,5,Amazing fabric,8 July 2025,2,English,positive,False,True,False,False,False,False,False,False
V0085,Fabindia,Geometric Woven Design Mandarin Collar Dobby Weave Cotton Straight Kurta,Myntra,https://www.myntra.com/kurtas/fabindia/fabindia-geometric-woven-design-mandarin-collar-dobby-weave-cotton-straight-kurta/30949751/buy,5,Nice fit !,15 May 2026,3,English,positive,True,False,False,False,False,False,False,False
V0086,Fabindia,Geometric Woven Design Mandarin Collar Dobby Weave Cotton Straight Kurta,Myntra,https://www.myntra.com/kurtas/fabindia/fabindia-geometric-woven-design-mandarin-collar-dobby-weave-cotton-straight-kurta/30949751/buy,3,Not so good,20 Oct 2024,3,English,neutral,False,False,False,False,False,False,False,False
V0087,Fabindia,Geometric Woven Design Mandarin Collar Dobby Weave Cotton Straight Kurta,Myntra,https://www.myntra.com/kurtas/fabindia/fabindia-geometric-woven-design-mandarin-collar-dobby-weave-cotton-straight-kurta/30949751/buy,5,Great,4 Sept 2025,1,English,positive,False,False,False,False,False,False,False,False
V0088,Fabindia,Geometric Woven Design Mandarin Collar Dobby Weave Cotton Straight Kurta,Myntra,https://www.myntra.com/kurtas/fabindia/fabindia-geometric-woven-design-mandarin-collar-dobby-weave-cotton-straight-kurta/30949751/buy,5,Good,20 June 2026,1,English,positive,False,False,False,False,False,False,False,False
V0089,Fabindia,Geometric Woven Design Mandarin Collar Dobby Weave Cotton Straight Kurta,Myntra,https://www.myntra.com/kurtas/fabindia/fabindia-geometric-woven-design-mandarin-collar-dobby-weave-cotton-straight-kurta/30949751/buy,5,Like it,26 May 2026,2,English,positive,False,False,False,False,False,False,False,False
V0090,Fabindia,Geometric Woven Design Mandarin Collar Dobby Weave Cotton Straight Kurta,Myntra,https://www.myntra.com/kurtas/fabindia/fabindia-geometric-woven-design-mandarin-collar-dobby-weave-cotton-straight-kurta/30949751/buy,4,Great product 👌,9 Dec 2024,3,English,positive,False,False,False,False,False,False,False,False
V0091,Fabindia,Geometric Woven Design Mandarin Collar Dobby Weave Cotton Straight Kurta,Myntra,https://www.myntra.com/kurtas/fabindia/fabindia-geometric-woven-design-mandarin-collar-dobby-weave-cotton-straight-kurta/30949751/buy,5,Nice,11 Dec 2025,1,English,positive,False,False,False,False,False,False,False,False
V0092,Fabindia,Geometric Woven Design Mandarin Collar Dobby Weave Cotton Straight Kurta,Myntra,https://www.myntra.com/kurtas/fabindia/fabindia-geometric-woven-design-mandarin-collar-dobby-weave-cotton-straight-kurta/30949751/buy,5,Good,9 Sept 2025,1,English,positive,False,False,False,False,False,False,False,False
V0093,Fabindia,Geometric Woven Design Mandarin Collar Dobby Weave Cotton Straight Kurta,Myntra,https://www.myntra.com/kurtas/fabindia/fabindia-geometric-woven-design-mandarin-collar-dobby-weave-cotton-straight-kurta/30949751/buy,5,Good material,23 July 2026,2,English,positive,False,True,False,False,False,False,False,False
V0094,Fabindia,Geometric Woven Design Mandarin Collar Dobby Weave Cotton Straight Kurta,Myntra,https://www.myntra.com/kurtas/fabindia/fabindia-geometric-woven-design-mandarin-collar-dobby-weave-cotton-straight-kurta/30949751/buy,5,Nice,17 Dec 2024,1,English,positive,False,False,False,False,False,False,False,False
V0095,Fabindia,Geometric Woven Design Mandarin Collar Dobby Weave Cotton Straight Kurta,Myntra,https://www.myntra.com/kurtas/fabindia/fabindia-geometric-woven-design-mandarin-collar-dobby-weave-cotton-straight-kurta/30949751/buy,5,Super,11 May 2025,1,English,positive,False,False,False,False,False,False,False,False
V0096,Fabindia,Geometric Woven Design Mandarin Collar Dobby Weave Cotton Straight Kurta,Myntra,https://www.myntra.com/kurtas/fabindia/fabindia-geometric-woven-design-mandarin-collar-dobby-weave-cotton-straight-kurta/30949751/buy,5,Good,3 Apr 2025,1,English,positive,False,False,False,False,False,False,False,False
V0097,Fabindia,Geometric Woven Design Mandarin Collar Dobby Weave Cotton Straight Kurta,Myntra,https://www.myntra.com/kurtas/fabindia/fabindia-geometric-woven-design-mandarin-collar-dobby-weave-cotton-straight-kurta/30949751/buy,2,Don't buy,6 Mar 2025,2,English,negative,False,False,False,False,False,False,False,False
V0098,Fabindia,Geometric Woven Design Mandarin Collar Dobby Weave Cotton Straight Kurta,Myntra,https://www.myntra.com/kurtas/fabindia/fabindia-geometric-woven-design-mandarin-collar-dobby-weave-cotton-straight-kurta/30949751/buy,2,Poor texture and quality,11 June 2025,4,English,negative,False,True,False,True,False,False,False,False
V0099,Fabindia,Men Green Paisley Printed Cotton Kurta,Myntra,https://www.myntra.com/kurtas/fabindia/fabindia-men-green-paisley-printed-cotton-kurta/20953756/buy,5,"The striped zari detailing gives a rich premium vibe while still keeping it subtle. Fabric feels soft, breathable, and very comfortable for long wear. Perfect choice for festive gatherings, family functions, or classy casual looks. Loved the fit and overall look 🤍",16 May 2026,42,English,positive,True,True,True,False,True,False,False,False
V0100,Fabindia,Men Green Paisley Printed Cotton Kurta,Myntra,https://www.myntra.com/kurtas/fabindia/fabindia-men-green-paisley-printed-cotton-kurta/20953756/buy,5,Stylish and traditional. Can be paired with trousers for an event. Good buy!,15 June 2026,13,English,positive,False,False,False,False,False,False,False,False
V0101,Fabindia,Men Green Paisley Printed Cotton Kurta,Myntra,https://www.myntra.com/kurtas/fabindia/fabindia-men-green-paisley-printed-cotton-kurta/20953756/buy,1,The style is not good. It is too broad for a XL size.,15 Nov 2025,13,English,negative,True,False,False,False,True,False,False,False
V0102,Fabindia,Men Green Paisley Printed Cotton Kurta,Myntra,https://www.myntra.com/kurtas/fabindia/fabindia-men-green-paisley-printed-cotton-kurta/20953756/buy,4,Quality is good but size issue,11 Dec 2025,6,English,positive,True,False,False,True,False,False,False,False
V0103,Fabindia,Men Green Paisley Printed Cotton Kurta,Myntra,https://www.myntra.com/kurtas/fabindia/fabindia-men-green-paisley-printed-cotton-kurta/20953756/buy,4,Comfortable and really nice color,19 Nov 2025,5,English,positive,False,False,True,False,True,False,False,False
V0104,Fabindia,Men Green Paisley Printed Cotton Kurta,Myntra,https://www.myntra.com/kurtas/fabindia/fabindia-men-green-paisley-printed-cotton-kurta/20953756/buy,5,Excellent quality. I like it. Delivery is also on time. Size is perfect for my son. Great,19 Dec 2025,17,English,positive,True,False,False,True,False,False,True,True
V0105,Fabindia,Men Green Paisley Printed Cotton Kurta,Myntra,https://www.myntra.com/kurtas/fabindia/fabindia-men-green-paisley-printed-cotton-kurta/20953756/buy,5,Excellent,5 Apr 2026,1,English,positive,False,False,False,False,False,False,False,False
V0106,Fabindia,Men Green Paisley Printed Cotton Kurta,Myntra,https://www.myntra.com/kurtas/fabindia/fabindia-men-green-paisley-printed-cotton-kurta/20953756/buy,5,Good,22 July 2026,1,English,positive,False,False,False,False,False,False,False,False
V0107,Fabindia,Men Green Paisley Printed Cotton Kurta,Myntra,https://www.myntra.com/kurtas/fabindia/fabindia-men-green-paisley-printed-cotton-kurta/20953756/buy,5,Amazing Quality,16 Mar 2026,2,English,positive,False,False,False,True,False,False,False,False
V0108,Fabindia,Men Green Paisley Printed Cotton Kurta,Myntra,https://www.myntra.com/kurtas/fabindia/fabindia-men-green-paisley-printed-cotton-kurta/20953756/buy,5,Good,30 Oct 2025,1,English,positive,False,False,False,False,False,False,False,False
V0109,Fabindia,Men Green Paisley Printed Cotton Kurta,Myntra,https://www.myntra.com/kurtas/fabindia/fabindia-men-green-paisley-printed-cotton-kurta/20953756/buy,5,Loved it,10 Sept 2026,2,English,positive,False,False,False,False,False,False,False,False
V0110,Fabindia,Men Green Paisley Printed Cotton Kurta,Myntra,https://www.myntra.com/kurtas/fabindia/fabindia-men-green-paisley-printed-cotton-kurta/20953756/buy,4,Good.,31 Oct 2025,1,English,positive,False,False,False,False,False,False,False,False
V0111,Fabindia,Men Green Paisley Printed Cotton Kurta,Myntra,https://www.myntra.com/kurtas/fabindia/fabindia-men-green-paisley-printed-cotton-kurta/20953756/buy,4,Ok,6 Oct 2025,1,English,positive,False,False,False,False,False,False,False,False
V0112,Fabindia,Men Green Paisley Printed Cotton Kurta,Myntra,https://www.myntra.com/kurtas/fabindia/fabindia-men-green-paisley-printed-cotton-kurta/20953756/buy,5,Excellent,6 Oct 2025,1,English,positive,False,False,False,False,False,False,False,False
V0113,Fabindia,Men Green Paisley Printed Cotton Kurta,Myntra,https://www.myntra.com/kurtas/fabindia/fabindia-men-green-paisley-printed-cotton-kurta/20953756/buy,5,quality is good,16 Nov 2025,3,English,positive,False,False,False,True,False,False,False,False
V0114,Fabindia,Men Green Paisley Printed Cotton Kurta,Myntra,https://www.myntra.com/kurtas/fabindia/fabindia-men-green-paisley-printed-cotton-kurta/20953756/buy,5,Great fabric,25 Nov 2025,2,English,positive,False,True,False,False,False,False,False,False
V0115,Fabindia,Men Green Paisley Printed Cotton Kurta,Myntra,https://www.myntra.com/kurtas/fabindia/fabindia-men-green-paisley-printed-cotton-kurta/20953756/buy,2,not good,2 June 2026,2,English,negative,False,False,False,False,False,False,False,False
V0116,Fabindia,Green Short Kurta,Myntra,https://www.myntra.com/kurtas/fabindia/fabindia-green-short-kurta/1413849/buy,4,Bought this for my papa. It came as perfect fit papa is happy he worn it today on Dusshera. I am satisfied with this shopping,25 Oct 2020,25,English,positive,True,False,False,False,False,False,False,True
V0117,Fabindia,Green Short Kurta,Myntra,https://www.myntra.com/kurtas/fabindia/fabindia-green-short-kurta/1413849/buy,5,"Awesome product, quite soft and gives a good feel. The actual product is quite similar to the one shown in the product listing snap",24 Sept 2026,24,English,positive,False,False,True,False,False,False,False,False
V0118,Fabindia,Green Short Kurta,Myntra,https://www.myntra.com/kurtas/fabindia/fabindia-green-short-kurta/1413849/buy,5,"This is the second time I am buying this ,in different color.. Good quality. Looks classy.",3 Feb 2020,16,English,positive,False,False,False,True,True,False,False,False
V0119,Fabindia,Green Short Kurta,Myntra,https://www.myntra.com/kurtas/fabindia/fabindia-green-short-kurta/1413849/buy,5,"Its very good in quantity, while wearing it gives soothing effect. Pure cotton",15 Oct 2023,13,English,positive,False,True,True,False,False,False,False,False
V0120,Fabindia,Green Short Kurta,Myntra,https://www.myntra.com/kurtas/fabindia/fabindia-green-short-kurta/1413849/buy,5,Very comfortable fabric.,14 May 2026,3,English,positive,False,True,True,False,False,False,False,False
V0121,Fabindia,Green Short Kurta,Myntra,https://www.myntra.com/kurtas/fabindia/fabindia-green-short-kurta/1413849/buy,5,Good one with affordable price,13 Sept 2026,5,English,positive,False,False,False,False,False,True,False,False
V0122,Fabindia,Green Short Kurta,Myntra,https://www.myntra.com/kurtas/fabindia/fabindia-green-short-kurta/1413849/buy,5,Good kurta with affordable price,13 Sept 2026,5,English,positive,False,False,False,False,False,True,False,False
V0123,Fabindia,Green Short Kurta,Myntra,https://www.myntra.com/kurtas/fabindia/fabindia-green-short-kurta/1413849/buy,3,Excellent ?,27 July 2021,2,English,neutral,False,False,False,False,False,False,False,False
V0124,Fabindia,Green Short Kurta,Myntra,https://www.myntra.com/kurtas/fabindia/fabindia-green-short-kurta/1413849/buy,5,Perfect,30 Mar 2023,1,English,positive,False,False,False,False,False,False,False,False
V0125,Fabindia,Green Short Kurta,Myntra,https://www.myntra.com/kurtas/fabindia/fabindia-green-short-kurta/1413849/buy,5,Good job,24 May 2021,2,English,positive,False,False,False,False,False,False,False,False
V0126,Fabindia,Green Short Kurta,Myntra,https://www.myntra.com/kurtas/fabindia/fabindia-green-short-kurta/1413849/buy,1,Size is not correct.,10 Aug 2021,4,English,negative,True,False,False,False,False,False,False,False
V0127,Fabindia,Men Yellow Cotton Self Design Comfort Fit Super Short Kurta,Myntra,https://www.myntra.com/kurtas/fabindia/fabindia-men-yellow--cotton-self-design-comfort-fit-super-short-kurta/19466870/buy,5,Really good quality. Delivered on time as well.,2 June 2024,8,English,positive,False,False,False,True,False,False,True,False
V0128,Fabindia,Men Yellow Cotton Self Design Comfort Fit Super Short Kurta,Myntra,https://www.myntra.com/kurtas/fabindia/fabindia-men-yellow--cotton-self-design-comfort-fit-super-short-kurta/19466870/buy,5,good quality and color,24 July 2024,4,English,positive,False,False,False,True,True,False,False,False
V0129,Fabindia,Men Yellow Cotton Self Design Comfort Fit Super Short Kurta,Myntra,https://www.myntra.com/kurtas/fabindia/fabindia-men-yellow--cotton-self-design-comfort-fit-super-short-kurta/19466870/buy,5,Good,23 Apr 2024,1,English,positive,False,False,False,False,False,False,False,False
V0130,Fabindia,Ethnic Motifs Woven Design Straight Cotton Silk Kurta,Myntra,https://www.myntra.com/kurtas/fabindia/fabindia-ethnic-motifs-woven-design-straight-cotton-silk-kurta/23001016/buy,3,good ?but size problems my size is L it is tight and XL is loose for me,3 July 2023,17,English,neutral,True,False,False,False,False,False,False,False
V0131,Fabindia,Ethnic Motifs Woven Design Straight Cotton Silk Kurta,Myntra,https://www.myntra.com/kurtas/fabindia/fabindia-ethnic-motifs-woven-design-straight-cotton-silk-kurta/23001016/buy,4,Good kurta..,22 Sept 2025,2,English,positive,False,False,False,False,False,False,False,False
V0132,Fabindia,Men Striped Thread Work Kurta,Myntra,https://www.myntra.com/kurtas/fabindia/fabindia-men-striped-thread-work-kurta/37905168/buy,5,Very comfortable Plus size available Fab India is always fabulous #fabinda,12 Jan 2026,11,English,positive,True,False,True,False,False,False,False,False
V0133,Fabindia,Men Striped Thread Work Kurta,Myntra,https://www.myntra.com/kurtas/fabindia/fabindia-men-striped-thread-work-kurta/37905168/buy,5,Very good quality fabric. I liked the fabric a lot so I exchanged it for XXL size and get dresses tailored for my Thakur Ji and my relatives' Thakur Ji s. And trust me it's worth it.,21 Apr 2026,37,English,positive,True,True,False,True,False,True,False,False
V0134,Fabindia,Men Striped Thread Work Kurta,Myntra,https://www.myntra.com/kurtas/fabindia/fabindia-men-striped-thread-work-kurta/37905168/buy,5,"Good, comfortable, pure cotton kurta",2 June 2026,5,English,positive,False,True,True,False,False,False,False,False
V0135,Fabindia,Men Striped Thread Work Kurta,Myntra,https://www.myntra.com/kurtas/fabindia/fabindia-men-striped-thread-work-kurta/37905168/buy,5,We bought this as a gift for a teacher at our institute. He loved it & has been wearing it regularly.,10 June 2025,21,English,positive,False,False,False,False,False,False,False,True
V0136,Fabindia,Men Striped Thread Work Kurta,Myntra,https://www.myntra.com/kurtas/fabindia/fabindia-men-striped-thread-work-kurta/37905168/buy,5,This is the world best kurta. I bought it for my father and he loves it .very nice. Very comfy,10 Mar 2026,20,English,positive,False,False,True,False,False,False,False,True
V0137,Fabindia,Men Striped Thread Work Kurta,Myntra,https://www.myntra.com/kurtas/fabindia/fabindia-men-striped-thread-work-kurta/37905168/buy,5,It is a very beautiful shirt kurta. I brought this for my appa. He loved it.,28 Aug 2025,16,English,positive,False,False,False,False,True,False,False,True
V0138,Fabindia,Men Striped Thread Work Kurta,Myntra,https://www.myntra.com/kurtas/fabindia/fabindia-men-striped-thread-work-kurta/37905168/buy,5,Very soft fabric.. ordered for my dad but its tight to him. Will exchange with bigger size,16 Oct 2025,17,English,positive,True,True,True,False,False,False,False,True
V0139,Fabindia,Men Striped Thread Work Kurta,Myntra,https://www.myntra.com/kurtas/fabindia/fabindia-men-striped-thread-work-kurta/37905168/buy,5,Very nice True to size Affordable price Relaxed fit…Highly recommend,5 Apr 2026,10,English,positive,True,False,False,False,False,True,False,False
V0140,Fabindia,Men Striped Thread Work Kurta,Myntra,https://www.myntra.com/kurtas/fabindia/fabindia-men-striped-thread-work-kurta/37905168/buy,4,My husband looked wonderful 👍 Fab India materials are good to choose at first go.,16 Mar 2026,15,English,positive,False,False,False,False,False,False,False,True
V0141,Fabindia,Men Striped Thread Work Kurta,Myntra,https://www.myntra.com/kurtas/fabindia/fabindia-men-striped-thread-work-kurta/37905168/buy,5,Good quality fabric and fit. Perfect for functions like a small pooja at home.,21 Apr 2026,14,English,positive,True,True,False,True,False,False,False,False
V0142,Fabindia,Men Striped Thread Work Kurta,Myntra,https://www.myntra.com/kurtas/fabindia/fabindia-men-striped-thread-work-kurta/37905168/buy,5,"Best in design , comfort and unique for temple visit Must try",12 June 2025,12,English,positive,False,False,True,False,True,False,False,False
V0143,Fabindia,Men Striped Thread Work Kurta,Myntra,https://www.myntra.com/kurtas/fabindia/fabindia-men-striped-thread-work-kurta/37905168/buy,5,Beautiful kurta by fab india. Color bought pink and blue,2 Mar 2026,10,English,positive,False,False,False,False,True,False,False,False
V0144,Fabindia,Men Striped Thread Work Kurta,Myntra,https://www.myntra.com/kurtas/fabindia/fabindia-men-striped-thread-work-kurta/37905168/buy,5,Fabric is good but size is loose,6 May 2025,7,English,positive,True,True,False,False,False,False,False,False
V0145,Fabindia,Men Striped Thread Work Kurta,Myntra,https://www.myntra.com/kurtas/fabindia/fabindia-men-striped-thread-work-kurta/37905168/buy,5,Nice fabric comfortable and perfect fit,22 Mar 2026,6,English,positive,True,True,True,False,False,False,False,False
V0146,Fabindia,Men Striped Thread Work Kurta,Myntra,https://www.myntra.com/kurtas/fabindia/fabindia-men-striped-thread-work-kurta/37905168/buy,5,Cotton fabric and decent colour,3 Feb 2026,5,English,positive,False,True,False,False,True,False,False,False
V0147,Fabindia,Men Striped Thread Work Kurta,Myntra,https://www.myntra.com/kurtas/fabindia/fabindia-men-striped-thread-work-kurta/37905168/buy,5,Fabric and colour is very good,6 Feb 2026,6,English,positive,False,True,False,False,True,False,False,False
V0148,Fabindia,Men Striped Thread Work Kurta,Myntra,https://www.myntra.com/kurtas/fabindia/fabindia-men-striped-thread-work-kurta/37905168/buy,5,Excellent fitting and cloths.,30 July 2025,4,English,positive,True,False,False,False,False,False,False,False
V0149,Fabindia,Men Striped Thread Work Kurta,Myntra,https://www.myntra.com/kurtas/fabindia/fabindia-men-striped-thread-work-kurta/37905168/buy,5,Very good quality fabric and color,25 Nov 2025,6,English,positive,False,True,False,True,True,False,False,False
V0150,Fabindia,Men Striped Thread Work Kurta,Myntra,https://www.myntra.com/kurtas/fabindia/fabindia-men-striped-thread-work-kurta/37905168/buy,5,Good myntra good customer support thanks,29 July 2025,6,English,positive,False,False,False,False,False,False,True,False
V0151,Fabindia,Men Striped Thread Work Kurta,Myntra,https://www.myntra.com/kurtas/fabindia/fabindia-men-striped-thread-work-kurta/37905168/buy,5,Soft and comfortable,3 Oct 2024,3,English,positive,False,False,True,False,False,False,False,False
V0152,Fabindia,Men Striped Thread Work Kurta,Myntra,https://www.myntra.com/kurtas/fabindia/fabindia-men-striped-thread-work-kurta/37905168/buy,4,Soft and comfortable,10 Dec 2025,3,English,positive,False,False,True,False,False,False,False,False
V0153,Fabindia,Men Striped Thread Work Kurta,Myntra,https://www.myntra.com/kurtas/fabindia/fabindia-men-striped-thread-work-kurta/37905168/buy,4,Quality good fits well,7 Sept 2025,4,English,positive,True,False,False,True,False,False,False,False
V0154,Fabindia,Men Striped Thread Work Kurta,Myntra,https://www.myntra.com/kurtas/fabindia/fabindia-men-striped-thread-work-kurta/37905168/buy,4,Very good quality and colour,26 Jan 2026,5,English,positive,False,False,False,True,True,False,False,False
V0155,Fabindia,Men Striped Thread Work Kurta,Myntra,https://www.myntra.com/kurtas/fabindia/fabindia-men-striped-thread-work-kurta/37905168/buy,5,Fabulous 😍😍,24 Mar 2025,2,English,positive,False,False,False,False,False,False,False,False
V0156,Fabindia,Men Striped Thread Work Kurta,Myntra,https://www.myntra.com/kurtas/fabindia/fabindia-men-striped-thread-work-kurta/37905168/buy,5,Very beautiful,25 Aug 2025,2,English,positive,False,False,False,False,True,False,False,False
V0157,Fabindia,Men Striped Thread Work Kurta,Myntra,https://www.myntra.com/kurtas/fabindia/fabindia-men-striped-thread-work-kurta/37905168/buy,5,Perfect. ❤️,26 Aug 2025,2,English,positive,False,False,False,False,False,False,False,False
V0158,Fabindia,Men Striped Thread Work Kurta,Myntra,https://www.myntra.com/kurtas/fabindia/fabindia-men-striped-thread-work-kurta/37905168/buy,4,Very comfortable,24 Apr 2026,2,English,positive,False,False,True,False,False,False,False,False
V0159,Fabindia,Men Striped Thread Work Kurta,Myntra,https://www.myntra.com/kurtas/fabindia/fabindia-men-striped-thread-work-kurta/37905168/buy,5,Very good fabric,18 Jan 2026,3,English,positive,False,True,False,False,False,False,False,False
V0160,Fabindia,Men Striped Thread Work Kurta,Myntra,https://www.myntra.com/kurtas/fabindia/fabindia-men-striped-thread-work-kurta/37905168/buy,5,Great product,10 Sept 2025,2,English,positive,False,False,False,False,False,False,False,False
V0161,Fabindia,Men Striped Thread Work Kurta,Myntra,https://www.myntra.com/kurtas/fabindia/fabindia-men-striped-thread-work-kurta/37905168/buy,5,Nice fitting,23 Dec 2024,2,English,positive,True,False,False,False,False,False,False,False
V0162,Fabindia,Men Striped Thread Work Kurta,Myntra,https://www.myntra.com/kurtas/fabindia/fabindia-men-striped-thread-work-kurta/37905168/buy,5,Good fabric.,13 Apr 2026,2,English,positive,False,True,False,False,False,False,False,False
V0163,Fabindia,Men Striped Thread Work Kurta,Myntra,https://www.myntra.com/kurtas/fabindia/fabindia-men-striped-thread-work-kurta/37905168/buy,5,good product,17 June 2025,2,English,positive,False,False,False,False,False,False,False,False
V0164,Fabindia,Men Striped Thread Work Kurta,Myntra,https://www.myntra.com/kurtas/fabindia/fabindia-men-striped-thread-work-kurta/37905168/buy,5,nyc fabric,15 Sept 2024,2,English,positive,False,True,False,False,False,False,False,False
V0165,Fabindia,Men Striped Thread Work Kurta,Myntra,https://www.myntra.com/kurtas/fabindia/fabindia-men-striped-thread-work-kurta/37905168/buy,5,Amazing stuff,7 Mar 2026,2,English,positive,False,False,False,False,False,False,False,False
V0166,Fabindia,Men Striped Thread Work Kurta,Myntra,https://www.myntra.com/kurtas/fabindia/fabindia-men-striped-thread-work-kurta/37905168/buy,5,Extremely good,1 Sept 2025,2,English,positive,False,False,False,False,False,False,False,False
V0167,Fabindia,Men Striped Thread Work Kurta,Myntra,https://www.myntra.com/kurtas/fabindia/fabindia-men-striped-thread-work-kurta/37905168/buy,5,Good producr,14 Oct 2025,2,English,positive,False,False,False,False,False,False,False,False
V0168,Fabindia,Men Striped Thread Work Kurta,Myntra,https://www.myntra.com/kurtas/fabindia/fabindia-men-striped-thread-work-kurta/37905168/buy,5,Elegant outfit !!,23 Oct 2024,3,English,positive,False,False,False,False,True,False,False,False
V0169,Fabindia,Men Striped Thread Work Kurta,Myntra,https://www.myntra.com/kurtas/fabindia/fabindia-men-striped-thread-work-kurta/37905168/buy,4,Very good,12 Feb 2026,2,English,positive,False,False,False,False,False,False,False,False
V0170,Fabindia,Men Striped Thread Work Kurta,Myntra,https://www.myntra.com/kurtas/fabindia/fabindia-men-striped-thread-work-kurta/37905168/buy,5,Very nice,12 Apr 2026,2,English,positive,False,False,False,False,False,False,False,False
V0171,Fabindia,Men Striped Thread Work Kurta,Myntra,https://www.myntra.com/kurtas/fabindia/fabindia-men-striped-thread-work-kurta/37905168/buy,1,Good one,19 Oct 2025,2,English,negative,False,False,False,False,False,False,False,False
V0172,Fabindia,Men Striped Thread Work Kurta,Myntra,https://www.myntra.com/kurtas/fabindia/fabindia-men-striped-thread-work-kurta/37905168/buy,5,Good,21 Aug 2025,1,English,positive,False,False,False,False,False,False,False,False
V0173,Fabindia,Men Striped Thread Work Kurta,Myntra,https://www.myntra.com/kurtas/fabindia/fabindia-men-striped-thread-work-kurta/37905168/buy,5,Good,25 May 2025,1,English,positive,False,False,False,False,False,False,False,False
V0174,Fabindia,Men Striped Thread Work Kurta,Myntra,https://www.myntra.com/kurtas/fabindia/fabindia-men-striped-thread-work-kurta/37905168/buy,5,Good,22 May 2025,1,English,positive,False,False,False,False,False,False,False,False
V0175,Fabindia,Men Striped Thread Work Kurta,Myntra,https://www.myntra.com/kurtas/fabindia/fabindia-men-striped-thread-work-kurta/37905168/buy,5,Nice,3 Oct 2025,1,English,positive,False,False,False,False,False,False,False,False
V0176,Fabindia,Men Striped Thread Work Kurta,Myntra,https://www.myntra.com/kurtas/fabindia/fabindia-men-striped-thread-work-kurta/37905168/buy,3,Go for smaller size than the usual ones,13 Nov 2024,8,English,neutral,True,False,False,False,False,False,False,False
V0177,Fabindia,Men Striped Thread Work Kurta,Myntra,https://www.myntra.com/kurtas/fabindia/fabindia-men-striped-thread-work-kurta/37905168/buy,5,Good,11 Mar 2026,1,English,positive,False,False,False,False,False,False,False,False
V0178,Fabindia,Men Striped Thread Work Kurta,Myntra,https://www.myntra.com/kurtas/fabindia/fabindia-men-striped-thread-work-kurta/37905168/buy,5,Amazing quality,20 Sept 2026,2,English,positive,False,False,False,True,False,False,False,False
V0179,Fabindia,Men Striped Thread Work Kurta,Myntra,https://www.myntra.com/kurtas/fabindia/fabindia-men-striped-thread-work-kurta/37905168/buy,5,Good,1 Mar 2026,1,English,positive,False,False,False,False,False,False,False,False
V0180,Fabindia,Men Striped Thread Work Kurta,Myntra,https://www.myntra.com/kurtas/fabindia/fabindia-men-striped-thread-work-kurta/37905168/buy,5,Nice,2 June 2026,1,English,positive,False,False,False,False,False,False,False,False
V0181,Fabindia,Men Striped Thread Work Kurta,Myntra,https://www.myntra.com/kurtas/fabindia/fabindia-men-striped-thread-work-kurta/37905168/buy,4,Good one,26 Sept 2026,2,English,positive,False,False,False,False,False,False,False,False
V0182,Fabindia,Men Striped Thread Work Kurta,Myntra,https://www.myntra.com/kurtas/fabindia/fabindia-men-striped-thread-work-kurta/37905168/buy,5,good material,17 Oct 2025,2,English,positive,False,True,False,False,False,False,False,False
V0183,Fabindia,Men Striped Thread Work Kurta,Myntra,https://www.myntra.com/kurtas/fabindia/fabindia-men-striped-thread-work-kurta/37905168/buy,5,Fabulous,29 Sept 2025,1,English,positive,False,False,False,False,False,False,False,False
V0184,Fabindia,Men Striped Thread Work Kurta,Myntra,https://www.myntra.com/kurtas/fabindia/fabindia-men-striped-thread-work-kurta/37905168/buy,5,Nice,11 Apr 2026,1,English,positive,False,False,False,False,False,False,False,False
V0185,Fabindia,Men Striped Thread Work Kurta,Myntra,https://www.myntra.com/kurtas/fabindia/fabindia-men-striped-thread-work-kurta/37905168/buy,4,Good,20 Jan 2026,1,English,positive,False,False,False,False,False,False,False,False
V0186,Fabindia,Men Striped Thread Work Kurta,Myntra,https://www.myntra.com/kurtas/fabindia/fabindia-men-striped-thread-work-kurta/37905168/buy,5,Comfortable!,10 Nov 2025,1,English,positive,False,False,True,False,False,False,False,False
V0187,Fabindia,Men Striped Thread Work Kurta,Myntra,https://www.myntra.com/kurtas/fabindia/fabindia-men-striped-thread-work-kurta/37905168/buy,5,Good Product,13 Mar 2025,2,English,positive,False,False,False,False,False,False,False,False
V0188,Fabindia,Men Striped Thread Work Kurta,Myntra,https://www.myntra.com/kurtas/fabindia/fabindia-men-striped-thread-work-kurta/37905168/buy,5,Great,4 May 2026,1,English,positive,False,False,False,False,False,False,False,False
V0189,Fabindia,Men Striped Thread Work Kurta,Myntra,https://www.myntra.com/kurtas/fabindia/fabindia-men-striped-thread-work-kurta/37905168/buy,5,Very nice 👍,17 July 2026,3,English,positive,False,False,False,False,False,False,False,False
V0190,Fabindia,Men Striped Thread Work Kurta,Myntra,https://www.myntra.com/kurtas/fabindia/fabindia-men-striped-thread-work-kurta/37905168/buy,5,Amazing,10 May 2026,1,English,positive,False,False,False,False,False,False,False,False
V0191,Fabindia,Men Striped Thread Work Kurta,Myntra,https://www.myntra.com/kurtas/fabindia/fabindia-men-striped-thread-work-kurta/37905168/buy,5,To good,21 Sept 2025,2,English,positive,False,False,False,False,False,False,False,False
V0192,Fabindia,Men Striped Thread Work Kurta,Myntra,https://www.myntra.com/kurtas/fabindia/fabindia-men-striped-thread-work-kurta/37905168/buy,5,Good,19 Dec 2025,1,English,positive,False,False,False,False,False,False,False,False
V0193,Fabindia,Men Striped Thread Work Kurta,Myntra,https://www.myntra.com/kurtas/fabindia/fabindia-men-striped-thread-work-kurta/37905168/buy,4,Nice,12 Aug 2025,1,English,positive,False,False,False,False,False,False,False,False
V0194,Fabindia,Men Striped Thread Work Kurta,Myntra,https://www.myntra.com/kurtas/fabindia/fabindia-men-striped-thread-work-kurta/37905168/buy,4,Good one,5 June 2025,2,English,positive,False,False,False,False,False,False,False,False
V0195,Fabindia,Men Striped Thread Work Kurta,Myntra,https://www.myntra.com/kurtas/fabindia/fabindia-men-striped-thread-work-kurta/37905168/buy,4,Like it,5 Apr 2025,2,English,positive,False,False,False,False,False,False,False,False
V0196,Fabindia,Men Striped Thread Work Kurta,Myntra,https://www.myntra.com/kurtas/fabindia/fabindia-men-striped-thread-work-kurta/37905168/buy,5,Excellent fit,27 Apr 2025,2,English,positive,True,False,False,False,False,False,False,False
V0197,Fabindia,Men Striped Thread Work Kurta,Myntra,https://www.myntra.com/kurtas/fabindia/fabindia-men-striped-thread-work-kurta/37905168/buy,1,Bad,30 Oct 2025,1,English,negative,False,False,False,False,False,False,False,False
V0198,Fabindia,Men Striped Thread Work Kurta,Myntra,https://www.myntra.com/kurtas/fabindia/fabindia-men-striped-thread-work-kurta/37905168/buy,2,It is very dull,14 June 2025,4,English,negative,False,False,False,False,True,False,False,False
V0199,Fabindia,Men Striped Thread Work Kurta,Myntra,https://www.myntra.com/kurtas/fabindia/fabindia-men-striped-thread-work-kurta/37905168/buy,2,Size issue,22 June 2026,2,English,negative,True,False,False,False,False,False,False,False
V0200,Manyavar,Men Yellow Woven Design Straight Kurta,Myntra,https://www.myntra.com/kurtas/manyavar/manyavar-men-yellow-woven-design-straight-kurta/12885190/buy,5,Thank you for delivering the product before durga puja it means alot...thank you so much❤️..the product quality is really good...love Myntra?❤️,11 Oct 2021,21,English,positive,False,False,False,True,False,False,False,False
V0201,Manyavar,Men Yellow Woven Design Straight Kurta,Myntra,https://www.myntra.com/kurtas/manyavar/manyavar-men-yellow-woven-design-straight-kurta/12885190/buy,5,Wonderful Kurtha on reasonable Price meterial also excellent ..really like it manyavar kurtha,2 Dec 2020,13,English,positive,False,True,False,False,False,True,False,False
V0202,Manyavar,Men Yellow Woven Design Straight Kurta,Myntra,https://www.myntra.com/kurtas/manyavar/manyavar-men-yellow-woven-design-straight-kurta/12885190/buy,4,It’s durable and colour matches as expected but the price is little high when I purchased,15 July 2025,16,English,positive,False,False,False,True,True,True,False,False
V0203,Manyavar,Men Yellow Woven Design Straight Kurta,Myntra,https://www.myntra.com/kurtas/manyavar/manyavar-men-yellow-woven-design-straight-kurta/12885190/buy,5,Best kurta quality but the colour is little down as compared to photo,17 Apr 2021,13,English,positive,False,False,False,True,True,False,False,False
V0204,Manyavar,Men Yellow Woven Design Straight Kurta,Myntra,https://www.myntra.com/kurtas/manyavar/manyavar-men-yellow-woven-design-straight-kurta/12885190/buy,5,Very nice and comfortable at reasonable price,23 Apr 2021,7,English,positive,False,False,True,False,False,True,False,False
V0205,Manyavar,Men Yellow Woven Design Straight Kurta,Myntra,https://www.myntra.com/kurtas/manyavar/manyavar-men-yellow-woven-design-straight-kurta/12885190/buy,5,Very nice product ❤️❤️,10 July 2024,4,English,positive,False,False,False,False,False,False,False,False
V0206,Manyavar,Men Yellow Woven Design Straight Kurta,Myntra,https://www.myntra.com/kurtas/manyavar/manyavar-men-yellow-woven-design-straight-kurta/12885190/buy,4,Quality was excellent nice kurta,11 Mar 2021,5,English,positive,False,False,False,True,False,False,False,False
V0207,Manyavar,Men Yellow Woven Design Straight Kurta,Myntra,https://www.myntra.com/kurtas/manyavar/manyavar-men-yellow-woven-design-straight-kurta/12885190/buy,5,Some long.. Othevise,13 Mar 2021,3,English,positive,True,False,False,False,False,False,False,False
V0208,Manyavar,Men Yellow Woven Design Straight Kurta,Myntra,https://www.myntra.com/kurtas/manyavar/manyavar-men-yellow-woven-design-straight-kurta/12885190/buy,4,"Fits as expected, nice fabric very comfortable",30 Nov 2020,7,English,positive,True,True,True,False,False,False,False,False
V0209,Manyavar,Men Yellow Woven Design Straight Kurta,Myntra,https://www.myntra.com/kurtas/manyavar/manyavar-men-yellow-woven-design-straight-kurta/12885190/buy,5,Good meterial,14 Oct 2021,2,English,positive,False,True,False,False,False,False,False,False
V0210,Manyavar,Men Yellow Woven Design Straight Kurta,Myntra,https://www.myntra.com/kurtas/manyavar/manyavar-men-yellow-woven-design-straight-kurta/12885190/buy,5,Good product quality,3 Sept 2021,3,English,positive,False,False,False,True,False,False,False,False
V0211,Manyavar,Men Yellow Woven Design Straight Kurta,Myntra,https://www.myntra.com/kurtas/manyavar/manyavar-men-yellow-woven-design-straight-kurta/12885190/buy,4,Good product,15 Nov 2021,2,English,positive,False,False,False,False,False,False,False,False
V0212,Manyavar,Men Yellow Woven Design Straight Kurta,Myntra,https://www.myntra.com/kurtas/manyavar/manyavar-men-yellow-woven-design-straight-kurta/12885190/buy,4,Good quality,24 May 2024,2,English,positive,False,False,False,True,False,False,False,False
V0213,Manyavar,Men Yellow Woven Design Straight Kurta,Myntra,https://www.myntra.com/kurtas/manyavar/manyavar-men-yellow-woven-design-straight-kurta/12885190/buy,4,Nice,13 Jan 2022,1,English,positive,False,False,False,False,False,False,False,False
V0214,Manyavar,Men Yellow Woven Design Straight Kurta,Myntra,https://www.myntra.com/kurtas/manyavar/manyavar-men-yellow-woven-design-straight-kurta/12885190/buy,4,Good,2 June 2024,1,English,positive,False,False,False,False,False,False,False,False
V0215,Manyavar,Men Yellow Woven Design Straight Kurta,Myntra,https://www.myntra.com/kurtas/manyavar/manyavar-men-yellow-woven-design-straight-kurta/12885190/buy,4,Good,28 Dec 2025,1,English,positive,False,False,False,False,False,False,False,False
V0216,Manyavar,Men Yellow Woven Design Straight Kurta,Myntra,https://www.myntra.com/kurtas/manyavar/manyavar-men-yellow-woven-design-straight-kurta/12885190/buy,5,Very good as usual,26 Mar 2025,4,English,positive,False,False,False,False,False,False,False,False
V0217,Manyavar,Men Yellow Woven Design Straight Kurta,Myntra,https://www.myntra.com/kurtas/manyavar/manyavar-men-yellow-woven-design-straight-kurta/12885190/buy,5,Perfect kurta,12 June 2025,2,English,positive,False,False,False,False,False,False,False,False
V0218,Manyavar,Men Yellow Woven Design Straight Kurta,Myntra,https://www.myntra.com/kurtas/manyavar/manyavar-men-yellow-woven-design-straight-kurta/12885190/buy,5,Very good,6 Oct 2025,2,English,positive,False,False,False,False,False,False,False,False
V0219,Manyavar,Men Yellow Woven Design Straight Kurta,Myntra,https://www.myntra.com/kurtas/manyavar/manyavar-men-yellow-woven-design-straight-kurta/12885190/buy,5,Very nice,27 May 2023,2,English,positive,False,False,False,False,False,False,False,False
V0220,Manyavar,Men Yellow Woven Design Straight Kurta,Myntra,https://www.myntra.com/kurtas/manyavar/manyavar-men-yellow-woven-design-straight-kurta/12885190/buy,5,Good one,4 June 2025,2,English,positive,False,False,False,False,False,False,False,False
V0221,Manyavar,Men Yellow Woven Design Straight Kurta,Myntra,https://www.myntra.com/kurtas/manyavar/manyavar-men-yellow-woven-design-straight-kurta/12885190/buy,5,Very nice,22 Nov 2021,2,English,positive,False,False,False,False,False,False,False,False
V0222,Manyavar,Men Yellow Woven Design Straight Kurta,Myntra,https://www.myntra.com/kurtas/manyavar/manyavar-men-yellow-woven-design-straight-kurta/12885190/buy,5,Awesome,31 Oct 2021,1,English,positive,False,False,False,False,False,False,False,False
V0223,Manyavar,Men Yellow Woven Design Straight Kurta,Myntra,https://www.myntra.com/kurtas/manyavar/manyavar-men-yellow-woven-design-straight-kurta/12885190/buy,5,Nice kurta,7 June 2024,2,English,positive,False,False,False,False,False,False,False,False
V0224,Manyavar,Men Yellow Woven Design Straight Kurta,Myntra,https://www.myntra.com/kurtas/manyavar/manyavar-men-yellow-woven-design-straight-kurta/12885190/buy,3,Nice,22 Apr 2024,1,English,neutral,False,False,False,False,False,False,False,False
V0225,Manyavar,Men Yellow Woven Design Straight Kurta,Myntra,https://www.myntra.com/kurtas/manyavar/manyavar-men-yellow-woven-design-straight-kurta/12885190/buy,2,Not look real like manyavar product,11 Oct 2024,6,English,negative,False,False,False,False,True,False,False,False
V0226,Manyavar,Men Yellow Woven Design Straight Kurta,Myntra,https://www.myntra.com/kurtas/manyavar/manyavar-men-yellow-woven-design-straight-kurta/12885190/buy,1,I bought it for my brother...he wore it once and the very next day it started tearing off from sleeves. Please do not buy this else you will simply end up wasting your money.,19 Aug 2021,34,English,negative,True,False,False,True,False,True,False,True
V0227,Manyavar,Men Yellow Woven Design Straight Kurta,Myntra,https://www.myntra.com/kurtas/manyavar/manyavar-men-yellow-woven-design-straight-kurta/12885190/buy,3,Don't waste money on this product. Uncomfortable,13 Oct 2021,7,English,neutral,False,False,False,False,False,True,False,False
V0228,Manyavar,Men Yellow Woven Design Straight Kurta,Myntra,https://www.myntra.com/kurtas/manyavar/manyavar-men-yellow-woven-design-straight-kurta/12885190/buy,1,I would like to return my product because of the quality,2 Nov 2021,11,English,negative,False,False,False,True,False,False,True,False
V0229,Manyavar,Men Black Solid Kurta,Myntra,https://www.myntra.com/kurtas/manyavar/manyavar-men-black-solid-kurta/12745664/buy,5,"Quite a present kurta to wear. The design, the breathability and the overall fit are literally perfect.",11 Sept 2025,17,English,positive,True,False,False,False,True,False,False,False
V0230,Manyavar,Men Black Solid Kurta,Myntra,https://www.myntra.com/kurtas/manyavar/manyavar-men-black-solid-kurta/12745664/buy,4,Good Product. Happy with the Product. Would Recommend.,28 June 2026,8,English,positive,False,False,False,False,False,False,False,False
V0231,Manyavar,Men Black Solid Kurta,Myntra,https://www.myntra.com/kurtas/manyavar/manyavar-men-black-solid-kurta/12745664/buy,3,Quality vise good but little bite change in design ....but good,2 May 2022,11,English,neutral,False,False,False,True,True,False,False,False
V0232,Manyavar,Men Black Solid Kurta,Myntra,https://www.myntra.com/kurtas/manyavar/manyavar-men-black-solid-kurta/12745664/buy,5,Excellent fitting. Super good fabric.,21 Jan 2024,5,English,positive,True,True,False,False,False,False,False,False
V0233,Manyavar,Men Black Solid Kurta,Myntra,https://www.myntra.com/kurtas/manyavar/manyavar-men-black-solid-kurta/12745664/buy,5,Great product. Great quality,10 Sept 2025,4,English,positive,False,False,False,True,False,False,False,False
V0234,Manyavar,Men Black Solid Kurta,Myntra,https://www.myntra.com/kurtas/manyavar/manyavar-men-black-solid-kurta/12745664/buy,5,Very nice product ☺️,9 July 2024,4,English,positive,False,False,False,False,False,False,False,False
V0235,Manyavar,Men Black Solid Kurta,Myntra,https://www.myntra.com/kurtas/manyavar/manyavar-men-black-solid-kurta/12745664/buy,5,Nice fitting and fabric,17 July 2025,4,English,positive,True,True,False,False,False,False,False,False
V0236,Manyavar,Men Black Solid Kurta,Myntra,https://www.myntra.com/kurtas/manyavar/manyavar-men-black-solid-kurta/12745664/buy,5,Good kurta set ☺️,2 Oct 2024,4,English,positive,False,False,False,False,False,False,False,False
V0237,Manyavar,Men Black Solid Kurta,Myntra,https://www.myntra.com/kurtas/manyavar/manyavar-men-black-solid-kurta/12745664/buy,4,Very nice,8 Dec 2024,2,English,positive,False,False,False,False,False,False,False,False
V0238,Manyavar,Men Black Solid Kurta,Myntra,https://www.myntra.com/kurtas/manyavar/manyavar-men-black-solid-kurta/12745664/buy,4,Nice,20 Jan 2025,1,English,positive,False,False,False,False,False,False,False,False
V0239,Manyavar,Men Black Solid Kurta,Myntra,https://www.myntra.com/kurtas/manyavar/manyavar-men-black-solid-kurta/12745664/buy,5,perfect fitings,11 Sept 2024,2,English,positive,False,False,False,False,False,False,False,False
V0240,Manyavar,Men Black Solid Kurta,Myntra,https://www.myntra.com/kurtas/manyavar/manyavar-men-black-solid-kurta/12745664/buy,5,Best buying,9 Sept 2024,2,English,positive,False,False,False,False,False,False,False,False
V0241,Manyavar,Men Black Solid Kurta,Myntra,https://www.myntra.com/kurtas/manyavar/manyavar-men-black-solid-kurta/12745664/buy,5,Nice quality,12 July 2024,2,English,positive,False,False,False,True,False,False,False,False
V0242,Manyavar,Men Black Solid Kurta,Myntra,https://www.myntra.com/kurtas/manyavar/manyavar-men-black-solid-kurta/12745664/buy,5,Good purchase,27 May 2024,2,English,positive,False,False,False,False,False,False,False,False
V0243,Manyavar,Men Black Solid Kurta,Myntra,https://www.myntra.com/kurtas/manyavar/manyavar-men-black-solid-kurta/12745664/buy,5,Good product,6 Apr 2024,2,English,positive,False,False,False,False,False,False,False,False
V0244,Manyavar,Men Black Solid Kurta,Myntra,https://www.myntra.com/kurtas/manyavar/manyavar-men-black-solid-kurta/12745664/buy,5,It's beautiful,17 Apr 2023,2,English,positive,False,False,False,False,True,False,False,False
V0245,Manyavar,Men Black Solid Kurta,Myntra,https://www.myntra.com/kurtas/manyavar/manyavar-men-black-solid-kurta/12745664/buy,3,Average product.,6 Oct 2024,2,English,neutral,False,False,False,False,False,False,False,False
V0246,Manyavar,Men Black Solid Kurta,Myntra,https://www.myntra.com/kurtas/manyavar/manyavar-men-black-solid-kurta/12745664/buy,1,Worst product. Never order this,15 Dec 2020,5,English,negative,False,False,False,False,False,False,False,False
V0247,Manyavar,Men Black Solid Kurta,Myntra,https://www.myntra.com/kurtas/manyavar/manyavar-men-black-solid-kurta/12745664/buy,1,Product quality is not as per aspectation,6 Jan 2025,7,English,negative,False,False,False,True,False,False,False,False
V0248,Manyavar,Ethnic Motifs Woven Design Pure Cotton Straight Kurta with Pyjamas,Myntra,https://www.myntra.com/kurta-sets/manyavar/manyavar-ethnic-motifs-woven-design-pure-cotton-straight-kurta-with-pyjamas/31258611/buy,5,Absolutely obsessed with this piece...Good quality trouser and kurta... combination is good...must buy this product...hurry up,15 June 2026,16,English,positive,False,False,False,True,False,False,False,False
V0249,Manyavar,Ethnic Motifs Woven Design Pure Cotton Straight Kurta with Pyjamas,Myntra,https://www.myntra.com/kurta-sets/manyavar/manyavar-ethnic-motifs-woven-design-pure-cotton-straight-kurta-with-pyjamas/31258611/buy,5,This kurta looks even better in person,5 July 2026,7,English,positive,False,False,False,False,True,False,False,False
V0250,Manyavar,Ethnic Motifs Woven Design Pure Cotton Straight Kurta with Pyjamas,Myntra,https://www.myntra.com/kurta-sets/manyavar/manyavar-ethnic-motifs-woven-design-pure-cotton-straight-kurta-with-pyjamas/31258611/buy,5,Ahhh.. this is a wow product,24 Sept 2025,6,English,positive,False,False,False,False,False,False,False,False
V0251,Manyavar,Ethnic Motifs Woven Design Pure Cotton Straight Kurta with Pyjamas,Myntra,https://www.myntra.com/kurta-sets/manyavar/manyavar-ethnic-motifs-woven-design-pure-cotton-straight-kurta-with-pyjamas/31258611/buy,5,"Simple, sober and smart",2 Nov 2025,4,English,positive,False,False,False,False,False,False,False,False
V0252,Manyavar,Ethnic Motifs Woven Design Pure Cotton Straight Kurta with Pyjamas,Myntra,https://www.myntra.com/kurta-sets/manyavar/manyavar-ethnic-motifs-woven-design-pure-cotton-straight-kurta-with-pyjamas/31258611/buy,5,My husband like it.,15 Apr 2026,4,English,positive,False,False,False,False,False,False,False,True
V0253,Manyavar,Ethnic Motifs Woven Design Pure Cotton Straight Kurta with Pyjamas,Myntra,https://www.myntra.com/kurta-sets/manyavar/manyavar-ethnic-motifs-woven-design-pure-cotton-straight-kurta-with-pyjamas/31258611/buy,5,Loved it,2 Apr 2026,2,English,positive,False,False,False,False,False,False,False,False
V0254,Manyavar,Ethnic Motifs Woven Design Pure Cotton Straight Kurta with Pyjamas,Myntra,https://www.myntra.com/kurta-sets/manyavar/manyavar-ethnic-motifs-woven-design-pure-cotton-straight-kurta-with-pyjamas/31258611/buy,5,Loved it,22 May 2025,2,English,positive,False,False,False,False,False,False,False,False
V0255,Manyavar,Ethnic Motifs Woven Design Pure Cotton Straight Kurta with Pyjamas,Myntra,https://www.myntra.com/kurta-sets/manyavar/manyavar-ethnic-motifs-woven-design-pure-cotton-straight-kurta-with-pyjamas/31258611/buy,5,Nice,9 May 2026,1,English,positive,False,False,False,False,False,False,False,False
V0256,Manyavar,Ethnic Motifs Woven Design Pure Cotton Straight Kurta with Pyjamas,Myntra,https://www.myntra.com/kurta-sets/manyavar/manyavar-ethnic-motifs-woven-design-pure-cotton-straight-kurta-with-pyjamas/31258611/buy,5,Good buy,8 July 2026,2,English,positive,False,False,False,False,False,False,False,False
V0257,Manyavar,Men Floral Printed Kurta,Myntra,https://www.myntra.com/kurtas/manyavar/manyavar-men-floral-printed-kurta/20083006/buy,4,This is nice. It fits correctly and the quality of the material was good,31 May 2024,14,English,positive,True,True,False,True,False,False,False,False
V0258,Manyavar,Men Floral Printed Kurta,Myntra,https://www.myntra.com/kurtas/manyavar/manyavar-men-floral-printed-kurta/20083006/buy,5,Loved material and colour styl fit,24 May 2024,6,English,positive,True,True,False,False,True,False,False,False
V0259,Manyavar,Men Floral Printed Kurta,Myntra,https://www.myntra.com/kurtas/manyavar/manyavar-men-floral-printed-kurta/20083006/buy,5,Nice product for roadster ????,11 May 2023,5,English,positive,False,False,False,False,False,False,False,False
V0260,Manyavar,Men Floral Printed Kurta,Myntra,https://www.myntra.com/kurtas/manyavar/manyavar-men-floral-printed-kurta/20083006/buy,4,Design,16 Jan 2026,1,English,positive,False,False,False,False,True,False,False,False
V0261,Manyavar,Men Floral Printed Kurta,Myntra,https://www.myntra.com/kurtas/manyavar/manyavar-men-floral-printed-kurta/20083006/buy,5,beautuful kurta,16 May 2024,2,English,positive,False,False,False,False,False,False,False,False
V0262,Manyavar,Men Floral Printed Kurta,Myntra,https://www.myntra.com/kurtas/manyavar/manyavar-men-floral-printed-kurta/20083006/buy,5,Nice fit,4 Aug 2024,2,English,positive,True,False,False,False,False,False,False,False
V0263,Manyavar,Men Floral Printed Kurta,Myntra,https://www.myntra.com/kurtas/manyavar/manyavar-men-floral-printed-kurta/20083006/buy,5,Awesome,11 June 2024,1,English,positive,False,False,False,False,False,False,False,False
V0264,Manyavar,Men Floral Printed Kurta,Myntra,https://www.myntra.com/kurtas/manyavar/manyavar-men-floral-printed-kurta/20083006/buy,5,Nice,8 June 2024,1,English,positive,False,False,False,False,False,False,False,False
V0265,Manyavar,Men Floral Printed Kurta,Myntra,https://www.myntra.com/kurtas/manyavar/manyavar-men-floral-printed-kurta/20083006/buy,5,Very nice product,29 Nov 2023,3,English,positive,False,False,False,False,False,False,False,False
V0266,Manyavar,Men Floral Printed Kurta,Myntra,https://www.myntra.com/kurtas/manyavar/manyavar-men-floral-printed-kurta/20083006/buy,1,Very bad ? ghatiya raddi,24 May 2023,5,Hinglish,negative,False,False,False,False,False,False,False,False
V0267,Manyavar,Ethnic Motifs Embroidered Mandarin Collar Straight Kurta,Myntra,https://www.myntra.com/kurtas/manyavar/manyavar-ethnic-motifs-embroidered-mandarin-collar-straight-kurta/29916036/buy,5,very good quality. Gifted it to my husband & liked it. The quality is very good. Pure cotton material.,2 Sept 2025,19,English,positive,False,True,False,True,False,False,False,True
V0268,Manyavar,Ethnic Motifs Embroidered Mandarin Collar Straight Kurta,Myntra,https://www.myntra.com/kurtas/manyavar/manyavar-ethnic-motifs-embroidered-mandarin-collar-straight-kurta/29916036/buy,5,Awesome material with superb fitting just wow,9 June 2024,7,English,positive,True,True,False,False,False,False,False,False
V0269,Manyavar,Ethnic Motifs Embroidered Mandarin Collar Straight Kurta,Myntra,https://www.myntra.com/kurtas/manyavar/manyavar-ethnic-motifs-embroidered-mandarin-collar-straight-kurta/29916036/buy,4,Good product,28 May 2024,2,English,positive,False,False,False,False,False,False,False,False
V0270,Manyavar,Ethnic Motifs Embroidered Mandarin Collar Straight Kurta,Myntra,https://www.myntra.com/kurtas/manyavar/manyavar-ethnic-motifs-embroidered-mandarin-collar-straight-kurta/29916036/buy,4,Good product,18 Aug 2024,2,English,positive,False,False,False,False,False,False,False,False
V0271,Manyavar,Ethnic Motifs Embroidered Mandarin Collar Straight Kurta,Myntra,https://www.myntra.com/kurtas/manyavar/manyavar-ethnic-motifs-embroidered-mandarin-collar-straight-kurta/29916036/buy,4,Nice,13 Oct 2025,1,English,positive,False,False,False,False,False,False,False,False
V0272,Manyavar,Ethnic Motifs Embroidered Mandarin Collar Straight Kurta,Myntra,https://www.myntra.com/kurtas/manyavar/manyavar-ethnic-motifs-embroidered-mandarin-collar-straight-kurta/29916036/buy,5,Awesome,27 Dec 2025,1,English,positive,False,False,False,False,False,False,False,False
V0273,Manyavar,Ethnic Motifs Embroidered Mandarin Collar Straight Kurta,Myntra,https://www.myntra.com/kurtas/manyavar/manyavar-ethnic-motifs-embroidered-mandarin-collar-straight-kurta/29916036/buy,5,Wow,5 Aug 2025,1,English,positive,False,False,False,False,False,False,False,False
V0274,Manyavar,Men Navy Blue Printed Straight Kurta,Myntra,https://www.myntra.com/kurtas/manyavar/manyavar-men-navy-blue-printed-straight-kurta/12740538/buy,5,"Excellent, very nice cloth and fit",5 Sept 2025,6,English,positive,True,True,False,False,False,False,False,False
V0275,Manyavar,Men Navy Blue Printed Straight Kurta,Myntra,https://www.myntra.com/kurtas/manyavar/manyavar-men-navy-blue-printed-straight-kurta/12740538/buy,5,Good one,11 Feb 2021,2,English,positive,False,False,False,False,False,False,False,False
V0276,Manyavar,Men Navy Blue Printed Straight Kurta,Myntra,https://www.myntra.com/kurtas/manyavar/manyavar-men-navy-blue-printed-straight-kurta/12740538/buy,5,Good,10 Aug 2024,1,English,positive,False,False,False,False,False,False,False,False
V0277,Manyavar,Men Navy Blue Printed Straight Kurta,Myntra,https://www.myntra.com/kurtas/manyavar/manyavar-men-navy-blue-printed-straight-kurta/12740538/buy,2,Size is too small,12 Nov 2020,4,English,negative,True,False,False,False,False,False,False,False
V0278,Manyavar,Men Peach-Coloured & Cream-Coloured Solid Kurta with Churidar & Nehru Jacket,Myntra,https://www.myntra.com/kurta-sets/manyavar/manyavar-men-peach-coloured--cream-coloured-solid-kurta-with-churidar--nehru-jacket/13460444/buy,1,With a brand name like Manyavar the product quantity is not good at all. Not worth spending this much money.,2 Nov 2021,20,English,negative,False,False,False,False,False,True,False,False
V0279,Manyavar,Men Peach-Coloured & Cream-Coloured Solid Kurta with Churidar & Nehru Jacket,Myntra,https://www.myntra.com/kurta-sets/manyavar/manyavar-men-peach-coloured--cream-coloured-solid-kurta-with-churidar--nehru-jacket/13460444/buy,1,Pls provide me order I'd so that I can file complain in consumer forum as Myntra deny to pick up product,27 June 2021,21,English,negative,False,False,False,False,False,False,True,False
V0280,Manyavar,Men Peach-Coloured & Cream-Coloured Solid Kurta with Churidar & Nehru Jacket,Myntra,https://www.myntra.com/kurta-sets/manyavar/manyavar-men-peach-coloured--cream-coloured-solid-kurta-with-churidar--nehru-jacket/13460444/buy,1,Quality is pathetic.. It's wearing and tearing after one use,21 Dec 2021,10,English,negative,False,False,False,True,False,False,False,False
V0281,Manyavar,Men Peach-Coloured & Cream-Coloured Solid Kurta with Churidar & Nehru Jacket,Myntra,https://www.myntra.com/kurta-sets/manyavar/manyavar-men-peach-coloured--cream-coloured-solid-kurta-with-churidar--nehru-jacket/13460444/buy,1,No return policy and very late delivery.,15 Aug 2021,7,English,negative,False,False,False,False,False,False,True,False
V0282,Manyavar,Men Striped Kurta,Myntra,https://www.myntra.com/kurtas/manyavar/manyavar-men-striped-kurta/36102559/buy,4,Worth the price,19 May 2026,3,English,positive,False,False,False,False,False,True,False,False
V0283,Manyavar,Men Striped Kurta,Myntra,https://www.myntra.com/kurtas/manyavar/manyavar-men-striped-kurta/36102559/buy,5,Nice fit and look,12 Aug 2026,4,English,positive,True,False,False,False,True,False,False,False
V0284,Manyavar,Men Striped Kurta,Myntra,https://www.myntra.com/kurtas/manyavar/manyavar-men-striped-kurta/36102559/buy,5,Good,4 Nov 2025,1,English,positive,False,False,False,False,False,False,False,False
V0285,Tasva,Zero Point Collar Single Kurta,Myntra,https://www.myntra.com/kurtas/tasva/tasva-zero-point-collar-single-kurta/29904665/buy,5,Amazing fit,,2,English,positive,True,False,False,False,False,False,False,False
V0286,Tasva,Men Solid Festive Straight Kurta,Myntra,https://www.myntra.com/kurtas/tasva/tasva-men-solid-festive-straight-kurta/36139053/buy,5,"Superb quality , styling and fit",2 Apr 2026,6,English,positive,True,False,False,True,False,False,False,False
V0287,Tasva,Men Solid Festive Straight Kurta,Myntra,https://www.myntra.com/kurtas/tasva/tasva-men-solid-festive-straight-kurta/36139053/buy,3,Good product but overpriced and too hot after wearing it,21 Aug 2026,10,English,neutral,False,False,True,False,False,True,False,False
