resp_id,timestamp,arm,consent,age,role,city,card,B1_occasion,B2_spend,B3_where,B4_decider,C1,C2,C3,attn,C4_intent,C5_premium,ev_tc,ev_bg,ev_ex,ev_te,ev_buy_bg,ev_buy_ex,ce_tc,ce_bg,ce_ex,ce_te,ce_buy_bg,ce_buy_ex,kano_organic_func,kano_organic_dys,kano_qr_func,kano_qr_dys,kano_fit_func,kano_fit_dys,kano_alterations_func,kano_alterations_dys,kano_comfort_func,kano_comfort_dys,kano_styling_func,kano_styling_dys,F1_route,F2_look1,F2_look2,F2_look3,G1_channels,G2_online,G3_sizes,G4_payment,H1_income,C1_n,C2_n,C3_n,attn_n,trust,C4_n,C5_ge10,segment,excluded,vw_ev_ok,vw_ce_ok
A001,2026-09-29 10:54:00,A,I agree,40–49,Neither,,Claim test card: Made from natural fibres.,,,,,,,,,,,,,,,,,,,,,,,,,,,,,,,,,,,,,,,,,,,,,,,,,,,,screened_out_neither_or_blank,False,False
A002,2026-09-29 09:25:00,A,I do not agree,,,,Claim test card: Made from natural fibres.,,,,,,,,,,,,,,,,,,,,,,,,,,,,,,,,,,,,,,,,,,,,,,,,,,,,no_consent,False,False
A003,2026-09-29 13:41:00,A,I agree,33–39,Both,,Claim test card: Made from natural fibres.,,,,,,,,,,,,,,,,,,,,,,,,,,,,,,,,,,,,,,,,,,,,,,,,,,,both,dropped_before_claim_test,False,False
A004,2026-09-29 13:10:00,A,I agree,50–60,I bought ethnic wear for my father or father-in-law in the last 2 years,,Claim test card: Made from natural fibres.,,,,,,,,,,,,,,,,,,,,,,,,,,,,,,,,,,,,,,,,,,,,,,,,,,,gifter,dropped_before_claim_test,False,False
A005,2026-09-29 12:48:00,A,I agree,40–49,Both,"Mumbai (incl. Thane, Navi Mumbai)",Claim test card: Made from natural fibres.,Everyday or office,"₹2,000–3,500",Exhibition or pop-up,Together with someone,5 Strongly agree,4 Agree,4 Agree,2 Disagree,Definitely not,More than 25% more,,1052.0,2589.0,4913.0,Might or might not,Definitely not,3172.0,7238.0,10632.0,13629.0,Probably not,Probably would,I'd expect it,I can live with it,I'd expect it,I'm neutral,I'm neutral,,I'd like it,I'm neutral,I'd like it,I'm neutral,I'd expect it,,Look 2,,Comfortable,Simple,As a corporate or festive gift,1.0,2,Pay online in advance,₹25–50 lakh,5.0,4.0,4.0,2.0,4.333333333333333,1.0,True,both,,False,True
A006,2026-09-29 11:22:00,A,I agree,33–39,Both,,Claim test card: Made from natural fibres.,,,,,,,,,,,,,,,,,,,,,,,,,,,,,,,,,,,,,,,,,,,,,,,,,,,both,dropped_before_claim_test,False,False
A007,2026-09-29 10:44:00,A,I agree,40–49,"I'm a man aged 40–60 and bought Indian ethnic wear (kurta, kurta set, Nehru jacket, sherwani) for myself in the last 2 years",Other city or town,Claim test card: Made from natural fibres.,Gift,"₹2,000–3,500",Tailor,Together with someone,4 Agree,3 Neutral,4 Agree,2 Disagree,Definitely not,Up to 10% more,770.0,,3430.0,5725.0,Probably not,Probably would,2942.0,5083.0,8934.0,10710.0,Might or might not,Definitely would,I can live with it,I'm neutral,I'd dislike it,I'd dislike it,I'd like it,I'm neutral,I'd like it,I'd expect it,I'm neutral,I'd dislike it,I can live with it,I can live with it,Look 2,no comment,Traditional,Rich,"Through a tailor, Brand store, Brand website",4.0,1,,₹10–25 lakh,4.0,3.0,4.0,2.0,3.6666666666666665,1.0,False,self_buyer,,False,True
A008,2026-09-29 10:29:00,A,I agree,25–32,Both,,Claim test card: Made from natural fibres.,,,,,,,,,,,,,,,,,,,,,,,,,,,,,,,,,,,,,,,,,,,,,,,,,,,both,dropped_before_claim_test,False,False
A009,2026-09-29 16:12:00,A,I agree,50–60,I bought ethnic wear for my father or father-in-law in the last 2 years,,Claim test card: Made from natural fibres.,,,,,,,,,,,,,,,,,,,,,,,,,,,,,,,,,,,,,,,,,,,,,,,,,,,gifter,dropped_before_claim_test,False,False
A010,2026-09-29 09:32:00,A,I agree,25–32,Both,,Claim test card: Made from natural fibres.,,,,,,,,,,,,,,,,,,,,,,,,,,,,,,,,,,,,,,,,,,,,,,,,,,,both,dropped_before_claim_test,False,False
A011,2026-09-29 09:30:00,A,I agree,Under 18,Both,,Claim test card: Made from natural fibres.,,,,,,,,,,,,,,,,,,,,,,,,,,,,,,,,,,,,,,,,,,,,,,,,,,,both,under_18,False,False
A012,2026-09-29 10:35:00,A,I do not agree,,,,Claim test card: Made from natural fibres.,,,,,,,,,,,,,,,,,,,,,,,,,,,,,,,,,,,,,,,,,,,,,,,,,,,,no_consent,False,False
A013,2026-09-29 12:43:00,A,I agree,50–60,"I'm a man aged 40–60 and bought Indian ethnic wear (kurta, kurta set, Nehru jacket, sherwani) for myself in the last 2 years",Pune,Claim test card: Made from natural fibres.,,"₹3,500–6,000",Multi-brand store,Me,2 Disagree,3 Neutral,3 Neutral,2 Disagree,Definitely would,Up to 10% more,660.0,2376.0,2059.0,4818.0,Definitely not,Probably would,3443.0,5862.0,7813.0,24888.0,Definitely not,Definitely would,I'd dislike it,I can live with it,I'd expect it,I can live with it,,I'd expect it,I'd like it,I can live with it,I'd dislike it,I'm neutral,I'd like it,,Look 1,Elegant,Simple,Modern,"Marketplace app (e.g. Myntra, Amazon), Through a tailor, As a corporate or festive gift",2.0,1,Pay on delivery,₹10–25 lakh,2.0,3.0,3.0,2.0,2.6666666666666665,5.0,False,self_buyer,,False,True
A014,2026-09-29 12:58:00,A,I agree,25–32,"I'm a man aged 40–60 and bought Indian ethnic wear (kurta, kurta set, Nehru jacket, sherwani) for myself in the last 2 years",,Claim test card: Made from natural fibres.,,,,,,,,,,,,,,,,,,,,,,,,,,,,,,,,,,,,,,,,,,,,,,,,,,,self_buyer,dropped_before_claim_test,False,False
A015,2026-09-29 17:37:00,A,I agree,18–24,"I'm a man aged 40–60 and bought Indian ethnic wear (kurta, kurta set, Nehru jacket, sherwani) for myself in the last 2 years",,Claim test card: Made from natural fibres.,,,,,,,,,,,,,,,,,,,,,,,,,,,,,,,,,,,,,,,,,,,,,,,,,,,self_buyer,dropped_before_claim_test,False,False
A016,2026-09-29 09:27:00,A,I agree,50–60,"I'm a man aged 40–60 and bought Indian ethnic wear (kurta, kurta set, Nehru jacket, sherwani) for myself in the last 2 years","Mumbai (incl. Thane, Navi Mumbai)",Claim test card: Made from natural fibres.,Other,"₹3,500–6,000",Brand store,Me,4 Agree,3 Neutral,4 Agree,2 Disagree,Definitely would,10–25% more,1065.0,2180.0,3246.0,4478.0,Definitely not,Might or might not,2778.0,7067.0,10009.0,18543.0,Might or might not,Probably would,I'd like it,I can live with it,I'd expect it,I can live with it,I'd like it,I'd dislike it,I can live with it,I'm neutral,I'd like it,I can live with it,I can live with it,I'd like it,Look 1,Value,Formal,Value,"Brand website, Marketplace app (e.g. Myntra, Amazon), As a corporate or festive gift",5.0,3 or more,Pay on delivery,Above ₹1 crore,4.0,3.0,4.0,2.0,3.6666666666666665,5.0,True,self_buyer,,True,True
A017,2026-09-29 12:23:00,A,I agree,50–60,Both,"Mumbai (incl. Thane, Navi Mumbai)",Claim test card: Made from natural fibres.,Wedding (as a guest),"₹6,000–10,000",Tailor,Together with someone,5 Strongly agree,4 Agree,4 Agree,2 Disagree,Definitely would,Up to 10% more,60.0,1535.0,3453.0,4456.0,Definitely not,Probably not,4776.0,6394.0,9938.0,20540.0,Definitely not,Probably would,I'd expect it,I'm neutral,I'm neutral,I'd expect it,I'd expect it,I can live with it,I'd like it,I can live with it,I'd like it,I'd dislike it,I'd like it,I'd dislike it,Look 3,Value,Stylish,Simple,,2.0,3 or more,Pay on delivery,₹50 lakh–1 crore,5.0,4.0,4.0,2.0,4.333333333333333,5.0,False,both,,True,True
A018,2026-09-29 16:09:00,A,I agree,50–60,Both,Delhi NCR,Claim test card: Made from natural fibres.,Festival,"₹3,500–6,000",Multi-brand store,Together with someone,3 Neutral,5 Strongly agree,4 Agree,2 Disagree,Definitely would,More than 25% more,1108.0,1905.0,3128.0,5182.0,,Definitely not,4700.0,6615.0,,10996.0,Definitely would,Probably would,I'd expect it,I'd expect it,I'd expect it,I'd expect it,I'd expect it,I can live with it,I'd expect it,I'd expect it,I'm neutral,I can live with it,I'd expect it,I'd dislike it,Look 1,Stylish,Comfortable,Formal,"Brand website, As a corporate or festive gift",3.0,1,Pay on delivery,Under ₹10 lakh,3.0,5.0,4.0,2.0,4.0,5.0,True,both,,True,False
A019,2026-09-29 12:45:00,A,I agree,50–60,"I'm a man aged 40–60 and bought Indian ethnic wear (kurta, kurta set, Nehru jacket, sherwani) for myself in the last 2 years","Other metro (Chennai, Hyderabad, Kolkata, Ahmedabad)",Claim test card: Made from natural fibres.,Festival,"₹3,500–6,000",Exhibition or pop-up,Together with someone,4 Agree,5 Strongly agree,4 Agree,2 Disagree,Definitely would,More than 25% more,533.0,1371.0,,8099.0,Definitely not,Might or might not,2560.0,4443.0,10725.0,23882.0,Definitely not,Definitely would,I'd dislike it,I can live with it,I'm neutral,I'd like it,I'm neutral,I'd dislike it,I'd expect it,I can live with it,I'd expect it,I'd expect it,I'm neutral,I can live with it,Look 1,Rich,Stylish,Formal,"Multi-brand or department store, Marketplace app (e.g. Myntra, Amazon), Through a tailor",1.0,1,Pay on delivery,Above ₹1 crore,4.0,5.0,4.0,2.0,4.333333333333333,5.0,True,self_buyer,,False,True
A020,2026-09-29 16:39:00,A,I agree,25–32,I bought ethnic wear for my father or father-in-law in the last 2 years,"Mumbai (incl. Thane, Navi Mumbai)",Claim test card: Made from natural fibres.,Wedding in the family,"Under ₹2,000",Exhibition or pop-up,Someone else,,3 Neutral,1 Strongly disagree,2 Disagree,Might or might not,Up to 10% more,1223.0,1892.0,3723.0,4123.0,Probably would,Probably would,4570.0,5931.0,,21241.0,Definitely would,Definitely not,I can live with it,I can live with it,I can live with it,I'd expect it,I'd expect it,I can live with it,I'd dislike it,I can live with it,I can live with it,I'd dislike it,I'd like it,I can live with it,Look 2,Simple,Simple,Elegant,"Brand website, Multi-brand or department store",5.0,2,Pay online in advance,₹25–50 lakh,,3.0,1.0,2.0,,3.0,False,gifter,dropped_before_claim_test,True,False
A021,2026-09-29 13:44:00,A,I agree,40–49,"I'm a man aged 40–60 and bought Indian ethnic wear (kurta, kurta set, Nehru jacket, sherwani) for myself in the last 2 years",Delhi NCR,Claim test card: Made from natural fibres.,Gift,"₹2,000–3,500",Tailor,Me,,5 Strongly agree,4 Agree,2 Disagree,Definitely would,10–25% more,1380.0,2007.0,2945.0,3651.0,Probably not,Definitely would,3265.0,,,21671.0,Definitely not,Definitely not,I can live with it,I'd dislike it,I'd dislike it,I'm neutral,I'd expect it,I'd like it,I'd like it,I'd like it,I'd like it,I can live with it,I'd like it,I'd dislike it,,Traditional,Elegant,Elegant,"Exhibition or pop-up, Brand store, Marketplace app (e.g. Myntra, Amazon)",4.0,2,Pay online in advance,Above ₹1 crore,,5.0,4.0,2.0,,5.0,True,self_buyer,dropped_before_claim_test,True,False
A022,2026-09-29 09:06:00,A,I agree,25–32,"I'm a man aged 40–60 and bought Indian ethnic wear (kurta, kurta set, Nehru jacket, sherwani) for myself in the last 2 years",,Claim test card: Made from natural fibres.,,,,,,,,,,,,,,,,,,,,,,,,,,,,,,,,,,,,,,,,,,,,,,,,,,,self_buyer,dropped_before_claim_test,False,False
A023,2026-09-29 11:43:00,A,I agree,50–60,"I'm a man aged 40–60 and bought Indian ethnic wear (kurta, kurta set, Nehru jacket, sherwani) for myself in the last 2 years",Pune,Claim test card: Made from natural fibres.,Gift,"₹2,000–3,500",Multi-brand store,Me,2 Disagree,5 Strongly agree,4 Agree,2 Disagree,Probably would,10–25% more,1203.0,1962.0,3326.0,5917.0,Probably would,Might or might not,2136.0,4906.0,11625.0,11204.0,Probably not,Probably would,I'd expect it,I can live with it,I'd like it,I'd expect it,I'm neutral,I can live with it,I'd expect it,I'm neutral,I'm neutral,I'm neutral,I'm neutral,I'd dislike it,Look 2,Value,Simple,Traditional,"Marketplace app (e.g. Myntra, Amazon)",4.0,1,Pay on delivery,₹50 lakh–1 crore,2.0,5.0,4.0,2.0,3.6666666666666665,4.0,True,self_buyer,,True,False
A024,2026-09-29 16:12:00,A,I agree,40–49,"I'm a man aged 40–60 and bought Indian ethnic wear (kurta, kurta set, Nehru jacket, sherwani) for myself in the last 2 years",Delhi NCR,Claim test card: Made from natural fibres.,Gift,"₹2,000–3,500",Multi-brand store,Together with someone,2 Disagree,4 Agree,4 Agree,2 Disagree,Probably not,About the same,770.0,1682.0,3020.0,3911.0,Probably not,Probably would,4999.0,6602.0,11540.0,15277.0,Definitely not,Probably would,I'd expect it,I'd dislike it,I'd dislike it,I'd like it,I'd like it,I can live with it,I'd dislike it,I'd expect it,I'd like it,I'd expect it,I'm neutral,I'd expect it,Look 3,Rich,Simple,Formal,Brand store,,,Pay online in advance,₹10–25 lakh,2.0,4.0,4.0,2.0,3.3333333333333335,2.0,False,self_buyer,,True,True
A025,2026-09-29 14:48:00,A,I agree,33–39,Neither,,Claim test card: Made from natural fibres.,,,,,,,,,,,,,,,,,,,,,,,,,,,,,,,,,,,,,,,,,,,,,,,,,,,,screened_out_neither_or_blank,False,False
A026,2026-09-29 13:44:00,A,I agree,25–32,"I'm a man aged 40–60 and bought Indian ethnic wear (kurta, kurta set, Nehru jacket, sherwani) for myself in the last 2 years",,Claim test card: Made from natural fibres.,,,,,,,,,,,,,,,,,,,,,,,,,,,,,,,,,,,,,,,,,,,,,,,,,,,self_buyer,dropped_before_claim_test,False,False
A027,2026-09-29 11:39:00,A,I agree,33–39,I bought ethnic wear for my father or father-in-law in the last 2 years,"Mumbai (incl. Thane, Navi Mumbai)",Claim test card: Made from natural fibres.,Wedding (as a guest),"Above ₹10,000",Tailor,Together with someone,4 Agree,4 Agree,5 Strongly agree,2 Disagree,Definitely would,More than 25% more,1140.0,1214.0,2597.0,5303.0,Probably not,Probably would,3208.0,7724.0,8769.0,11076.0,Probably would,Definitely would,I'd like it,I can live with it,I'd expect it,I'd expect it,I'd like it,I'd dislike it,I can live with it,I'd like it,I'd like it,I'd dislike it,I'm neutral,I can live with it,Look 1,Traditional,,Elegant,shop,1.0,1,Pay online in advance,Under ₹10 lakh,4.0,4.0,5.0,2.0,4.333333333333333,5.0,True,gifter,,True,True
A028,2026-09-29 12:40:00,A,I agree,33–39,I bought ethnic wear for my father or father-in-law in the last 2 years,"Other metro (Chennai, Hyderabad, Kolkata, Ahmedabad)",Claim test card: Made from natural fibres.,Everyday or office,"₹2,000–3,500",,Together with someone,4 Agree,4 Agree,5 Strongly agree,4 Agree,Probably not,Up to 10% more,1323.0,1675.0,2559.0,,Definitely not,Probably not,3701.0,6659.0,8908.0,20228.0,Probably not,Might or might not,I'd like it,I can live with it,I'd like it,I can live with it,I'm neutral,I can live with it,I can live with it,I'd dislike it,I'd like it,I can live with it,I'm neutral,I can live with it,,,Value,Comfortable,"Multi-brand or department store, As a corporate or festive gift",4.0,2,Pay online in advance,₹10–25 lakh,4.0,4.0,5.0,4.0,4.333333333333333,2.0,False,gifter,failed_attention_check,False,True
A029,2026-09-29 14:44:00,A,I agree,50–60,"I'm a man aged 40–60 and bought Indian ethnic wear (kurta, kurta set, Nehru jacket, sherwani) for myself in the last 2 years",Bengaluru,Claim test card: Made from natural fibres.,Festival,"₹6,000–10,000",Multi-brand store,Together with someone,4 Agree,3 Neutral,3 Neutral,2 Disagree,Probably would,10–25% more,935.0,2014.0,2988.0,5179.0,Probably not,Definitely would,2541.0,4572.0,8208.0,18984.0,Definitely not,Probably would,I can live with it,I'd dislike it,I'd expect it,I'm neutral,,I'd expect it,I'd like it,,I can live with it,,I'd expect it,I can live with it,Look 1,,Modern,Formal,"Through a tailor, Marketplace app (e.g. Myntra, Amazon), Multi-brand or department store",2.0,2,Pay online in advance,₹25–50 lakh,4.0,3.0,3.0,2.0,3.3333333333333335,4.0,True,self_buyer,,True,True
A030,2026-09-29 10:44:00,A,I agree,40–49,Neither,,Claim test card: Made from natural fibres.,,,,,,,,,,,,,,,,,,,,,,,,,,,,,,,,,,,,,,,,,,,,,,,,,,,,screened_out_neither_or_blank,False,False
A031,2026-09-29 10:34:00,A,I agree,50–60,Neither,,Claim test card: Made from natural fibres.,,,,,,,,,,,,,,,,,,,,,,,,,,,,,,,,,,,,,,,,,,,,,,,,,,,,screened_out_neither_or_blank,False,False
A032,2026-09-29 15:29:00,A,I agree,40–49,"I'm a man aged 40–60 and bought Indian ethnic wear (kurta, kurta set, Nehru jacket, sherwani) for myself in the last 2 years",Bengaluru,Claim test card: Made from natural fibres.,Gift,"₹3,500–6,000",Brand store,Together with someone,5 Strongly agree,4 Agree,2 Disagree,2 Disagree,Definitely would,Up to 10% more,730.0,1820.0,2499.0,4132.0,Probably would,Probably would,3498.0,,11882.0,16240.0,Probably not,Definitely would,,I can live with it,I'd dislike it,I'm neutral,I can live with it,I'm neutral,I'd like it,I'm neutral,I'm neutral,I can live with it,I'd like it,I'd dislike it,Look 2,Traditional,Stylish,Modern,"Exhibition or pop-up, Brand website",5.0,1,Pay online in advance,₹25–50 lakh,5.0,4.0,2.0,2.0,3.6666666666666665,5.0,False,self_buyer,,True,False
A033,2026-09-29 10:39:00,A,I agree,25–32,I bought ethnic wear for my father or father-in-law in the last 2 years,"Mumbai (incl. Thane, Navi Mumbai)",Claim test card: Made from natural fibres.,Wedding (as a guest),"₹6,000–10,000",Department store,Me,5 Strongly agree,,4 Agree,2 Disagree,Might or might not,More than 25% more,1430.0,2126.0,2296.0,,Probably would,Definitely would,3116.0,4475.0,,18692.0,Probably not,Probably not,I can live with it,I'd expect it,I'd expect it,I can live with it,I'd expect it,I'm neutral,,I'd dislike it,I'd expect it,I'd dislike it,,I'd dislike it,Look 2,Casual,Elegant,,"Brand website, Brand store",2.0,1,Pay on delivery,₹10–25 lakh,5.0,,4.0,2.0,,3.0,True,gifter,dropped_before_claim_test,False,False
A034,2026-09-29 15:07:00,A,I do not agree,,,,Claim test card: Made from natural fibres.,,,,,,,,,,,,,,,,,,,,,,,,,,,,,,,,,,,,,,,,,,,,,,,,,,,,no_consent,False,False
A035,2026-09-29 14:52:00,A,I do not agree,,,,Claim test card: Made from natural fibres.,,,,,,,,,,,,,,,,,,,,,,,,,,,,,,,,,,,,,,,,,,,,,,,,,,,,no_consent,False,False
A036,2026-09-29 13:30:00,A,I agree,50–60,"I'm a man aged 40–60 and bought Indian ethnic wear (kurta, kurta set, Nehru jacket, sherwani) for myself in the last 2 years",Pune,Claim test card: Made from natural fibres.,Everyday or office,"₹3,500–6,000",Tailor,Me,4 Agree,5 Strongly agree,1 Strongly disagree,2 Disagree,Might or might not,Up to 10% more,645.0,,3887.0,5128.0,Definitely not,Probably would,3052.0,,8429.0,18282.0,Definitely not,Might or might not,I'd dislike it,I'd like it,I'd expect it,I can live with it,I'd expect it,I can live with it,I'm neutral,I'm neutral,I'd expect it,I'd dislike it,I'd expect it,I'd dislike it,Look 1,Simple,,Stylish,shop,2.0,1,Pay on delivery,Under ₹10 lakh,4.0,5.0,1.0,2.0,3.3333333333333335,3.0,False,self_buyer,,False,False
A037,2026-09-29 09:44:00,A,I agree,50–60,"I'm a man aged 40–60 and bought Indian ethnic wear (kurta, kurta set, Nehru jacket, sherwani) for myself in the last 2 years","Mumbai (incl. Thane, Navi Mumbai)",Claim test card: Made from natural fibres.,Everyday or office,"₹3,500–6,000","Marketplace app (e.g. Myntra, Amazon)",Me,4 Agree,1 Strongly disagree,4 Agree,2 Disagree,,Less,,1237.0,3528.0,4845.0,Probably not,,3973.0,5519.0,7211.0,11624.0,Probably not,,I'd dislike it,I'd dislike it,I'm neutral,I'd like it,I'd like it,I can live with it,I'd dislike it,I can live with it,I can live with it,I'd expect it,I'd like it,I can live with it,Look 2,,Value,Stylish,Multi-brand or department store,1.0,2,Pay on delivery,₹50 lakh–1 crore,4.0,1.0,4.0,2.0,3.0,,False,self_buyer,,False,True
A038,2026-09-29 16:50:00,A,I agree,40–49,"I'm a man aged 40–60 and bought Indian ethnic wear (kurta, kurta set, Nehru jacket, sherwani) for myself in the last 2 years",Bengaluru,Claim test card: Made from natural fibres.,Wedding in the family,"₹2,000–3,500",Department store,Me,5 Strongly agree,2 Disagree,5 Strongly agree,2 Disagree,Probably not,More than 25% more,1344.0,1827.0,3769.0,5685.0,Probably would,Definitely would,3208.0,7043.0,9934.0,11874.0,Probably not,Probably not,I'd expect it,I can live with it,I'd like it,I'd dislike it,I'd expect it,I'm neutral,I'd expect it,I'd dislike it,I'd expect it,I'm neutral,I'd dislike it,I'd expect it,Look 1,,Modern,Modern,Brand store,3.0,1,Pay on delivery,Prefer not to say,5.0,2.0,5.0,2.0,4.0,2.0,True,self_buyer,,True,True
A039,2026-09-29 11:07:00,A,I agree,50–60,I bought ethnic wear for my father or father-in-law in the last 2 years,,Claim test card: Made from natural fibres.,,,,,,,,,,,,,,,,,,,,,,,,,,,,,,,,,,,,,,,,,,,,,,,,,,,gifter,dropped_before_claim_test,False,False
A040,2026-09-29 15:27:00,A,I agree,40–49,I bought ethnic wear for my father or father-in-law in the last 2 years,,Claim test card: Made from natural fibres.,,,,,,,,,,,,,,,,,,,,,,,,,,,,,,,,,,,,,,,,,,,,,,,,,,,gifter,dropped_before_claim_test,False,False
A041,2026-09-29 10:20:00,A,I agree,40–49,"I'm a man aged 40–60 and bought Indian ethnic wear (kurta, kurta set, Nehru jacket, sherwani) for myself in the last 2 years","Mumbai (incl. Thane, Navi Mumbai)",Claim test card: Made from natural fibres.,Everyday or office,"Under ₹2,000",Brand store,Me,3 Neutral,1 Strongly disagree,4 Agree,2 Disagree,Might or might not,Less,795.0,1002.0,6529.0,4797.0,Probably would,Definitely would,3387.0,6212.0,8949.0,20664.0,Probably not,Might or might not,I'm neutral,I'd dislike it,I'd like it,I can live with it,I'd expect it,I'd dislike it,I'd expect it,I can live with it,I can live with it,I'm neutral,I'd expect it,I'd dislike it,Look 1,Rich,Elegant,Elegant,"As a corporate or festive gift, Through a tailor, Brand website",4.0,1,Pay on delivery,₹25–50 lakh,3.0,1.0,4.0,2.0,2.6666666666666665,3.0,False,self_buyer,,False,True
A042,2026-09-29 14:00:00,A,I agree,40–49,"I'm a man aged 40–60 and bought Indian ethnic wear (kurta, kurta set, Nehru jacket, sherwani) for myself in the last 2 years",Pune,Claim test card: Made from natural fibres.,Festival,"₹3,500–6,000","Marketplace app (e.g. Myntra, Amazon)",Me,4 Agree,,4 Agree,2 Disagree,Probably not,Up to 10% more,979.0,2111.0,3613.0,5498.0,Definitely not,,3918.0,7040.0,7129.0,19033.0,Definitely not,Probably would,I'd dislike it,I'm neutral,I'd like it,I'd like it,I'd like it,I can live with it,I'd like it,I can live with it,I'd expect it,I'd dislike it,I'd expect it,I'd dislike it,Look 2,Traditional,Simple,Casual,As a corporate or festive gift,1.0,3 or more,Pay online in advance,₹10–25 lakh,4.0,,4.0,2.0,,2.0,False,self_buyer,dropped_before_claim_test,True,True
A043,2026-09-29 15:10:00,A,I agree,18–24,Neither,,Claim test card: Made from natural fibres.,,,,,,,,,,,,,,,,,,,,,,,,,,,,,,,,,,,,,,,,,,,,,,,,,,,,screened_out_neither_or_blank,False,False
A044,2026-09-29 12:16:00,A,I do not agree,,,,Claim test card: Made from natural fibres.,,,,,,,,,,,,,,,,,,,,,,,,,,,,,,,,,,,,,,,,,,,,,,,,,,,,no_consent,False,False
A045,2026-09-29 10:11:00,A,I agree,25–32,"I'm a man aged 40–60 and bought Indian ethnic wear (kurta, kurta set, Nehru jacket, sherwani) for myself in the last 2 years",,Claim test card: Made from natural fibres.,,,,,,,,,,,,,,,,,,,,,,,,,,,,,,,,,,,,,,,,,,,,,,,,,,,self_buyer,dropped_before_claim_test,False,False
A046,2026-09-29 09:46:00,A,I agree,18–24,"I'm a man aged 40–60 and bought Indian ethnic wear (kurta, kurta set, Nehru jacket, sherwani) for myself in the last 2 years",,Claim test card: Made from natural fibres.,,,,,,,,,,,,,,,,,,,,,,,,,,,,,,,,,,,,,,,,,,,,,,,,,,,self_buyer,dropped_before_claim_test,False,False
A047,2026-09-29 12:53:00,A,I agree,40–49,I bought ethnic wear for my father or father-in-law in the last 2 years,,Claim test card: Made from natural fibres.,,,,,,,,,,,,,,,,,,,,,,,,,,,,,,,,,,,,,,,,,,,,,,,,,,,gifter,dropped_before_claim_test,False,False
A048,2026-09-29 13:56:00,A,I agree,33–39,Neither,,Claim test card: Made from natural fibres.,,,,,,,,,,,,,,,,,,,,,,,,,,,,,,,,,,,,,,,,,,,,,,,,,,,,screened_out_neither_or_blank,False,False
A049,2026-09-29 10:21:00,A,I agree,40–49,"I'm a man aged 40–60 and bought Indian ethnic wear (kurta, kurta set, Nehru jacket, sherwani) for myself in the last 2 years","Other metro (Chennai, Hyderabad, Kolkata, Ahmedabad)",Claim test card: Made from natural fibres.,Wedding (as a guest),"₹2,000–3,500",Exhibition or pop-up,Me,2 Disagree,1 Strongly disagree,4 Agree,2 Disagree,Probably would,More than 25% more,1216.0,1111.0,3680.0,3647.0,Probably would,Definitely would,2576.0,7626.0,7429.0,13522.0,Definitely would,Probably would,I can live with it,I'd expect it,I'd like it,I'd dislike it,I'd like it,I'm neutral,I'm neutral,I can live with it,I'd expect it,,I'd expect it,I'd expect it,Look 2,,no comment,,"Marketplace app (e.g. Myntra, Amazon)",5.0,1,Pay on delivery,10-20L,2.0,1.0,4.0,2.0,2.3333333333333335,4.0,True,self_buyer,,False,False
A050,2026-09-29 12:58:00,A,I agree,61 or older,I bought ethnic wear for my father or father-in-law in the last 2 years,,Claim test card: Made from natural fibres.,,,,,,,,,,,,,,,,,,,,,,,,,,,,,,,,,,,,,,,,,,,,,,,,,,,gifter,dropped_before_claim_test,False,False
A051,2026-09-29 10:43:00,A,I do not agree,,,,Claim test card: Made from natural fibres.,,,,,,,,,,,,,,,,,,,,,,,,,,,,,,,,,,,,,,,,,,,,,,,,,,,,no_consent,False,False
A052,2026-09-29 15:29:00,A,I agree,33–39,Both,,Claim test card: Made from natural fibres.,,,,,,,,,,,,,,,,,,,,,,,,,,,,,,,,,,,,,,,,,,,,,,,,,,,both,dropped_before_claim_test,False,False
A053,2026-09-29 13:44:00,A,I do not agree,,,,Claim test card: Made from natural fibres.,,,,,,,,,,,,,,,,,,,,,,,,,,,,,,,,,,,,,,,,,,,,,,,,,,,,no_consent,False,False
A054,2026-09-29 16:44:00,A,I agree,40–49,"I'm a man aged 40–60 and bought Indian ethnic wear (kurta, kurta set, Nehru jacket, sherwani) for myself in the last 2 years",Other city or town,Claim test card: Made from natural fibres.,Wedding in the family,"Under ₹2,000",Brand store,Me,1 Strongly disagree,5 Strongly agree,4 Agree,2 Disagree,Definitely would,More than 25% more,778.0,1740.0,,4461.0,Definitely not,Probably would,2924.0,4405.0,10448.0,24550.0,Might or might not,Probably not,I'd like it,I'd like it,I'd like it,I'd dislike it,I'd expect it,I'd expect it,I'd like it,I'm neutral,I'd expect it,I'd like it,I'd dislike it,I'd dislike it,Look 3,Value,Simple,Casual,"Marketplace app (e.g. Myntra, Amazon), Brand store",3.0,2,Pay on delivery,₹10–25 lakh,1.0,5.0,4.0,2.0,3.3333333333333335,5.0,True,self_buyer,,False,True
A055,2026-09-29 15:13:00,A,I agree,50–60,I bought ethnic wear for my father or father-in-law in the last 2 years,,Claim test card: Made from natural fibres.,,,,,,,,,,,,,,,,,,,,,,,,,,,,,,,,,,,,,,,,,,,,,,,,,,,gifter,dropped_before_claim_test,False,False
A056,2026-09-29 11:46:00,A,I do not agree,,,,Claim test card: Made from natural fibres.,,,,,,,,,,,,,,,,,,,,,,,,,,,,,,,,,,,,,,,,,,,,,,,,,,,,no_consent,False,False
A057,2026-09-29 15:19:00,A,I agree,33–39,"I'm a man aged 40–60 and bought Indian ethnic wear (kurta, kurta set, Nehru jacket, sherwani) for myself in the last 2 years",,Claim test card: Made from natural fibres.,,,,,,,,,,,,,,,,,,,,,,,,,,,,,,,,,,,,,,,,,,,,,,,,,,,self_buyer,dropped_before_claim_test,False,False
A058,2026-09-29 15:03:00,A,I agree,25–32,I bought ethnic wear for my father or father-in-law in the last 2 years,Delhi NCR,Claim test card: Made from natural fibres.,Wedding in the family,"₹3,500–6,000",Department store,Me,5 Strongly agree,5 Strongly agree,4 Agree,2 Disagree,Probably not,Up to 10% more,1005.0,2020.0,3187.0,4677.0,Definitely not,Might or might not,4966.0,6521.0,7520.0,15553.0,Definitely not,Probably not,I'd expect it,I'm neutral,I'd like it,I'd like it,I'd like it,I'd expect it,I'd expect it,I'd dislike it,I'd expect it,I can live with it,I'd like it,I'd dislike it,Look 2,Modern,Formal,Casual,"Exhibition or pop-up, Multi-brand or department store, Marketplace app (e.g. Myntra, Amazon)",4.0,1,Pay online in advance,10-20L,5.0,5.0,4.0,2.0,4.666666666666667,2.0,False,gifter,,True,True
A059,2026-09-29 12:34:00,A,I agree,33–39,I bought ethnic wear for my father or father-in-law in the last 2 years,Delhi NCR,Claim test card: Made from natural fibres.,Festival,"Under ₹2,000",Tailor,Me,5 Strongly agree,4 Agree,5 Strongly agree,2 Disagree,,10–25% more,1112.0,1105.0,3002.0,3870.0,Probably would,Probably would,3627.0,7897.0,9965.0,16532.0,Definitely not,Definitely would,I'd like it,I can live with it,I'm neutral,I'm neutral,I'd expect it,I'm neutral,I'd expect it,I'd dislike it,I'm neutral,I'd dislike it,I'd expect it,I can live with it,Look 2,Formal,Modern,,Brand website,3.0,,Pay on delivery,Under ₹10 lakh,5.0,4.0,5.0,2.0,4.666666666666667,,True,gifter,,False,True
A060,2026-09-29 13:33:00,A,I agree,25–32,I bought ethnic wear for my father or father-in-law in the last 2 years,Pune,Claim test card: Made from natural fibres.,Wedding in the family,"Above ₹10,000","Marketplace app (e.g. Myntra, Amazon)",Me,5 Strongly agree,2 Disagree,4 Agree,3 Neutral,Probably not,Up to 10% more,,2124.0,2914.0,3903.0,Probably would,Definitely not,4282.0,6827.0,7893.0,11557.0,Probably not,Definitely would,I'd dislike it,I'm neutral,I'd like it,I'd dislike it,I'd like it,I'd expect it,I'd expect it,I'd dislike it,I'd expect it,I'd dislike it,I'd expect it,,Look 2,Value,,no comment,"Marketplace app (e.g. Myntra, Amazon), Exhibition or pop-up, Through a tailor",3.0,1,Pay on delivery,Above ₹1 crore,5.0,2.0,4.0,3.0,3.6666666666666665,2.0,False,gifter,failed_attention_check,False,True
B001,2026-09-29 17:10:00,B,I agree,Under 18,I bought ethnic wear for my father or father-in-law in the last 2 years,,Claim test card: GOTS-certified organic cotton. Licence no. XX-GOTS-000000,,,,,,,,,,,,,,,,,,,,,,,,,,,,,,,,,,,,,,,,,,,,,,,,,,,gifter,under_18,False,False
B002,2026-09-29 12:39:00,B,I agree,40–49,Neither,,Claim test card: GOTS-certified organic cotton. Licence no. XX-GOTS-000000,,,,,,,,,,,,,,,,,,,,,,,,,,,,,,,,,,,,,,,,,,,,,,,,,,,,screened_out_neither_or_blank,False,False
B003,2026-09-29 12:26:00,B,I agree,25–32,Both,,Claim test card: GOTS-certified organic cotton. Licence no. XX-GOTS-000000,,,,,,,,,,,,,,,,,,,,,,,,,,,,,,,,,,,,,,,,,,,,,,,,,,,both,dropped_before_claim_test,False,False
B004,2026-09-29 13:37:00,B,I agree,40–49,Neither,,Claim test card: GOTS-certified organic cotton. Licence no. XX-GOTS-000000,,,,,,,,,,,,,,,,,,,,,,,,,,,,,,,,,,,,,,,,,,,,,,,,,,,,screened_out_neither_or_blank,False,False
B005,2026-09-29 13:38:00,B,I agree,50–60,"I'm a man aged 40–60 and bought Indian ethnic wear (kurta, kurta set, Nehru jacket, sherwani) for myself in the last 2 years",Bengaluru,Claim test card: GOTS-certified organic cotton. Licence no. XX-GOTS-000000,Wedding (as a guest),"₹3,500–6,000",Brand store,Someone else,5 Strongly agree,2 Disagree,4 Agree,2 Disagree,,More than 25% more,677.0,2112.0,2344.0,5011.0,Probably not,Definitely would,2872.0,6613.0,8272.0,18128.0,Definitely not,Probably would,I'm neutral,I'm neutral,I'd like it,I'd expect it,I'd like it,I can live with it,I'm neutral,I'm neutral,I'd expect it,I'd expect it,I'd expect it,I'm neutral,Look 2,Modern,Modern,Comfortable,"Brand store, Brand website",1.0,2,Pay on delivery,Under ₹10 lakh,5.0,2.0,4.0,2.0,3.6666666666666665,,True,self_buyer,,True,True
B006,2026-09-29 11:20:00,B,I agree,50–60,Both,Other city or town,Claim test card: GOTS-certified organic cotton. Licence no. XX-GOTS-000000,Everyday or office,"₹2,000–3,500",Multi-brand store,Me,2 Disagree,5 Strongly agree,5 Strongly agree,4 Agree,Definitely would,10–25% more,1001.0,1751.0,3441.0,5499.0,Probably would,Might or might not,2620.0,6163.0,10200.0,15900.0,Definitely not,,I'm neutral,I'd dislike it,I'd like it,I can live with it,I'd like it,I can live with it,I'd expect it,I can live with it,I'd expect it,I can live with it,I'd like it,I'm neutral,Look 2,Casual,Modern,Modern,"Exhibition or pop-up, As a corporate or festive gift, Brand store",1.0,3 or more,Pay on delivery,₹10–25 lakh,2.0,5.0,5.0,4.0,4.0,5.0,True,both,failed_attention_check,True,True
B007,2026-09-29 10:51:00,B,I agree,50–60,"I'm a man aged 40–60 and bought Indian ethnic wear (kurta, kurta set, Nehru jacket, sherwani) for myself in the last 2 years","Other metro (Chennai, Hyderabad, Kolkata, Ahmedabad)",Claim test card: GOTS-certified organic cotton. Licence no. XX-GOTS-000000,Festival,"₹6,000–10,000","Marketplace app (e.g. Myntra, Amazon)",Together with someone,5 Strongly agree,5 Strongly agree,4 Agree,2 Disagree,Might or might not,Less,691.0,1085.0,3172.0,3510.0,Probably not,Definitely would,4523.0,4049.0,7541.0,,Probably not,Definitely would,I'm neutral,I'm neutral,I'd like it,,,I'd dislike it,I'm neutral,I'm neutral,I'm neutral,I'm neutral,I'd dislike it,I'd dislike it,Look 1,Traditional,Rich,Traditional,"As a corporate or festive gift, Brand store, Marketplace app (e.g. Myntra, Amazon)",5.0,2,,₹10–25 lakh,5.0,5.0,4.0,2.0,4.666666666666667,3.0,False,self_buyer,,True,False
B008,2026-09-29 13:05:00,B,I agree,50–60,I bought ethnic wear for my father or father-in-law in the last 2 years,,Claim test card: GOTS-certified organic cotton. Licence no. XX-GOTS-000000,,,,,,,,,,,,,,,,,,,,,,,,,,,,,,,,,,,,,,,,,,,,,,,,,,,gifter,dropped_before_claim_test,False,False
B009,2026-09-29 13:08:00,B,I agree,50–60,I bought ethnic wear for my father or father-in-law in the last 2 years,,Claim test card: GOTS-certified organic cotton. Licence no. XX-GOTS-000000,,,,,,,,,,,,,,,,,,,,,,,,,,,,,,,,,,,,,,,,,,,,,,,,,,,gifter,dropped_before_claim_test,False,False
B010,2026-09-29 09:51:00,B,I do not agree,,,,Claim test card: GOTS-certified organic cotton. Licence no. XX-GOTS-000000,,,,,,,,,,,,,,,,,,,,,,,,,,,,,,,,,,,,,,,,,,,,,,,,,,,,no_consent,False,False
B011,2026-09-29 12:51:00,B,I agree,50–60,Both,"Mumbai (incl. Thane, Navi Mumbai)",Claim test card: GOTS-certified organic cotton. Licence no. XX-GOTS-000000,Festival,"₹6,000–10,000",Brand store,Someone else,1 Strongly disagree,3 Neutral,5 Strongly agree,2 Disagree,Probably would,Up to 10% more,961.0,1903.0,3757.0,3881.0,Definitely not,Probably not,2889.0,7825.0,10583.0,14179.0,Probably not,Probably would,I'd like it,I can live with it,,I'd dislike it,I'd expect it,I can live with it,I can live with it,I'm neutral,I'm neutral,I'm neutral,I'd expect it,I'm neutral,Look 2,,,Formal,"Brand website, Marketplace app (e.g. Myntra, Amazon)",2.0,2,Pay on delivery,₹10–25 lakh,1.0,3.0,5.0,2.0,3.0,4.0,False,both,,True,True
B012,2026-09-29 12:58:00,B,I agree,33–39,Neither,,Claim test card: GOTS-certified organic cotton. Licence no. XX-GOTS-000000,,,,,,,,,,,,,,,,,,,,,,,,,,,,,,,,,,,,,,,,,,,,,,,,,,,,screened_out_neither_or_blank,False,False
B013,2026-09-29 09:53:00,B,I agree,40–49,Both,Other city or town,Claim test card: GOTS-certified organic cotton. Licence no. XX-GOTS-000000,Festival,"₹3,500–6,000",Brand website,Me,1 Strongly disagree,5 Strongly agree,3 Neutral,2 Disagree,Probably would,About the same,1386.0,1870.0,3843.0,5377.0,Definitely not,Probably would,,5584.0,8954.0,24651.0,Definitely not,Definitely not,I'm neutral,I'm neutral,I'm neutral,I'm neutral,I'm neutral,I'd like it,I'd expect it,I'm neutral,I can live with it,I'm neutral,I can live with it,I'd dislike it,Look 2,Rich,,,"Exhibition or pop-up, As a corporate or festive gift",3.0,2,Pay online in advance,Under ₹10 lakh,1.0,5.0,3.0,2.0,3.0,4.0,False,both,,True,False
B014,2026-09-29 10:42:00,B,I agree,33–39,"I'm a man aged 40–60 and bought Indian ethnic wear (kurta, kurta set, Nehru jacket, sherwani) for myself in the last 2 years",,Claim test card: GOTS-certified organic cotton. Licence no. XX-GOTS-000000,,,,,,,,,,,,,,,,,,,,,,,,,,,,,,,,,,,,,,,,,,,,,,,,,,,self_buyer,dropped_before_claim_test,False,False
B015,2026-09-29 16:03:00,B,I agree,,"I'm a man aged 40–60 and bought Indian ethnic wear (kurta, kurta set, Nehru jacket, sherwani) for myself in the last 2 years",,Claim test card: GOTS-certified organic cotton. Licence no. XX-GOTS-000000,,,,,,,,,,,,,,,,,,,,,,,,,,,,,,,,,,,,,,,,,,,,,,,,,,,self_buyer,dropped_before_claim_test,False,False
B016,2026-09-29 14:38:00,B,I do not agree,,,,Claim test card: GOTS-certified organic cotton. Licence no. XX-GOTS-000000,,,,,,,,,,,,,,,,,,,,,,,,,,,,,,,,,,,,,,,,,,,,,,,,,,,,no_consent,False,False
B017,2026-09-29 17:03:00,B,I agree,Under 18,I bought ethnic wear for my father or father-in-law in the last 2 years,,Claim test card: GOTS-certified organic cotton. Licence no. XX-GOTS-000000,,,,,,,,,,,,,,,,,,,,,,,,,,,,,,,,,,,,,,,,,,,,,,,,,,,gifter,under_18,False,False
B018,2026-09-29 10:42:00,B,I agree,61 or older,"I'm a man aged 40–60 and bought Indian ethnic wear (kurta, kurta set, Nehru jacket, sherwani) for myself in the last 2 years",,Claim test card: GOTS-certified organic cotton. Licence no. XX-GOTS-000000,,,,,,,,,,,,,,,,,,,,,,,,,,,,,,,,,,,,,,,,,,,,,,,,,,,self_buyer,dropped_before_claim_test,False,False
B019,2026-09-29 11:20:00,B,I agree,18–24,"I'm a man aged 40–60 and bought Indian ethnic wear (kurta, kurta set, Nehru jacket, sherwani) for myself in the last 2 years",,Claim test card: GOTS-certified organic cotton. Licence no. XX-GOTS-000000,,,,,,,,,,,,,,,,,,,,,,,,,,,,,,,,,,,,,,,,,,,,,,,,,,,self_buyer,dropped_before_claim_test,False,False
B020,2026-09-29 09:05:00,B,I agree,50–60,"I'm a man aged 40–60 and bought Indian ethnic wear (kurta, kurta set, Nehru jacket, sherwani) for myself in the last 2 years",Pune,Claim test card: GOTS-certified organic cotton. Licence no. XX-GOTS-000000,Wedding in the family,"₹6,000–10,000",Brand website,Someone else,4 Agree,3 Neutral,5 Strongly agree,2 Disagree,Probably would,About the same,509.0,2338.0,2195.0,4967.0,Might or might not,Might or might not,4414.0,6328.0,3525.0,21842.0,Might or might not,Definitely would,I'd dislike it,I'd dislike it,I'm neutral,I can live with it,I'd like it,I'd dislike it,I'd expect it,I'd like it,I'm neutral,I'd dislike it,I'd expect it,I can live with it,Look 2,Modern,Elegant,Elegant,"Marketplace app (e.g. Myntra, Amazon)",2.0,2,Pay on delivery,Above ₹1 crore,4.0,3.0,5.0,2.0,4.0,4.0,False,self_buyer,,False,False
B021,2026-09-29 11:41:00,B,I agree,61 or older,"I'm a man aged 40–60 and bought Indian ethnic wear (kurta, kurta set, Nehru jacket, sherwani) for myself in the last 2 years",,Claim test card: GOTS-certified organic cotton. Licence no. XX-GOTS-000000,,,,,,,,,,,,,,,,,,,,,,,,,,,,,,,,,,,,,,,,,,,,,,,,,,,self_buyer,dropped_before_claim_test,False,False
B022,2026-09-29 15:56:00,B,I agree,25–32,"I'm a man aged 40–60 and bought Indian ethnic wear (kurta, kurta set, Nehru jacket, sherwani) for myself in the last 2 years",,Claim test card: GOTS-certified organic cotton. Licence no. XX-GOTS-000000,,,,,,,,,,,,,,,,,,,,,,,,,,,,,,,,,,,,,,,,,,,,,,,,,,,self_buyer,dropped_before_claim_test,False,False
B023,2026-09-29 17:07:00,B,I agree,40–49,"I'm a man aged 40–60 and bought Indian ethnic wear (kurta, kurta set, Nehru jacket, sherwani) for myself in the last 2 years",Pune,Claim test card: GOTS-certified organic cotton. Licence no. XX-GOTS-000000,Wedding (as a guest),"₹6,000–10,000",Department store,Together with someone,4 Agree,4 Agree,5 Strongly agree,2 Disagree,Definitely would,More than 25% more,699.0,1609.0,3536.0,5689.0,Might or might not,Probably would,3439.0,6237.0,11987.0,22136.0,Definitely not,Probably not,I'd like it,I'd expect it,I'd expect it,I'd like it,I'm neutral,I can live with it,I'm neutral,I can live with it,,I can live with it,I'd like it,I can live with it,Look 3,Comfortable,Rich,Simple,"Exhibition or pop-up, Through a tailor, Brand website",3.0,1,Pay online in advance,₹25–50 lakh,4.0,4.0,5.0,2.0,4.333333333333333,5.0,True,self_buyer,,True,True
B024,2026-09-29 17:08:00,B,I agree,61 or older,"I'm a man aged 40–60 and bought Indian ethnic wear (kurta, kurta set, Nehru jacket, sherwani) for myself in the last 2 years",,Claim test card: GOTS-certified organic cotton. Licence no. XX-GOTS-000000,,,,,,,,,,,,,,,,,,,,,,,,,,,,,,,,,,,,,,,,,,,,,,,,,,,self_buyer,dropped_before_claim_test,False,False
B025,2026-09-29 12:24:00,B,I agree,18–24,"I'm a man aged 40–60 and bought Indian ethnic wear (kurta, kurta set, Nehru jacket, sherwani) for myself in the last 2 years",,Claim test card: GOTS-certified organic cotton. Licence no. XX-GOTS-000000,,,,,,,,,,,,,,,,,,,,,,,,,,,,,,,,,,,,,,,,,,,,,,,,,,,self_buyer,dropped_before_claim_test,False,False
B026,2026-09-29 13:54:00,B,I agree,50–60,Neither,,Claim test card: GOTS-certified organic cotton. Licence no. XX-GOTS-000000,,,,,,,,,,,,,,,,,,,,,,,,,,,,,,,,,,,,,,,,,,,,,,,,,,,,screened_out_neither_or_blank,False,False
B027,2026-09-29 14:28:00,B,I agree,33–39,,Delhi NCR,Claim test card: GOTS-certified organic cotton. Licence no. XX-GOTS-000000,Everyday or office,"₹3,500–6,000",Brand store,,5 Strongly agree,5 Strongly agree,5 Strongly agree,2 Disagree,Might or might not,About the same,1486.0,1066.0,3881.0,5259.0,Probably would,Probably would,3288.0,7124.0,,10721.0,,Probably would,I'd like it,I'd dislike it,I can live with it,I'd expect it,I'd dislike it,I can live with it,I can live with it,I can live with it,I'd dislike it,I'm neutral,I'm neutral,I'd like it,Look 1,Formal,Simple,Elegant,online stores,1.0,2,Pay on delivery,₹10–25 lakh,5.0,5.0,5.0,2.0,5.0,3.0,False,,screened_out_neither_or_blank,False,False
B028,2026-09-29 13:52:00,B,I agree,,"I'm a man aged 40–60 and bought Indian ethnic wear (kurta, kurta set, Nehru jacket, sherwani) for myself in the last 2 years",,Claim test card: GOTS-certified organic cotton. Licence no. XX-GOTS-000000,,,,,,,,,,,,,,,,,,,,,,,,,,,,,,,,,,,,,,,,,,,,,,,,,,,self_buyer,dropped_before_claim_test,False,False
B029,2026-09-29 10:00:00,B,I agree,61 or older,"I'm a man aged 40–60 and bought Indian ethnic wear (kurta, kurta set, Nehru jacket, sherwani) for myself in the last 2 years",,Claim test card: GOTS-certified organic cotton. Licence no. XX-GOTS-000000,,,,,,,,,,,,,,,,,,,,,,,,,,,,,,,,,,,,,,,,,,,,,,,,,,,self_buyer,dropped_before_claim_test,False,False
B030,2026-09-29 10:31:00,B,I agree,Under 18,I bought ethnic wear for my father or father-in-law in the last 2 years,,Claim test card: GOTS-certified organic cotton. Licence no. XX-GOTS-000000,,,,,,,,,,,,,,,,,,,,,,,,,,,,,,,,,,,,,,,,,,,,,,,,,,,gifter,under_18,False,False
B031,2026-09-29 12:57:00,B,I agree,,"I'm a man aged 40–60 and bought Indian ethnic wear (kurta, kurta set, Nehru jacket, sherwani) for myself in the last 2 years",,Claim test card: GOTS-certified organic cotton. Licence no. XX-GOTS-000000,,,,,,,,,,,,,,,,,,,,,,,,,,,,,,,,,,,,,,,,,,,,,,,,,,,self_buyer,dropped_before_claim_test,False,False
B032,2026-09-29 09:38:00,B,I agree,61 or older,Neither,,Claim test card: GOTS-certified organic cotton. Licence no. XX-GOTS-000000,,,,,,,,,,,,,,,,,,,,,,,,,,,,,,,,,,,,,,,,,,,,,,,,,,,,screened_out_neither_or_blank,False,False
B033,2026-09-29 11:59:00,B,I agree,40–49,Both,Delhi NCR,Claim test card: GOTS-certified organic cotton. Licence no. XX-GOTS-000000,Festival,"₹6,000–10,000",Multi-brand store,Me,5 Strongly agree,4 Agree,5 Strongly agree,2 Disagree,Probably would,Up to 10% more,1168.0,1713.0,,5526.0,Probably not,Probably would,3014.0,7155.0,8124.0,10201.0,Definitely not,,I'd dislike it,I can live with it,I can live with it,I'd dislike it,,I'm neutral,I'm neutral,I can live with it,I'd like it,I can live with it,I'd dislike it,I can live with it,Look 2,Formal,,Comfortable,Through a tailor,4.0,3 or more,Pay on delivery,₹10–25 lakh,5.0,4.0,5.0,2.0,4.666666666666667,4.0,False,both,,False,True
B034,2026-09-29 16:07:00,B,I do not agree,,,,Claim test card: GOTS-certified organic cotton. Licence no. XX-GOTS-000000,,,,,,,,,,,,,,,,,,,,,,,,,,,,,,,,,,,,,,,,,,,,,,,,,,,,no_consent,False,False
B035,2026-09-29 12:00:00,B,I agree,50–60,"I'm a man aged 40–60 and bought Indian ethnic wear (kurta, kurta set, Nehru jacket, sherwani) for myself in the last 2 years",Delhi NCR,Claim test card: GOTS-certified organic cotton. Licence no. XX-GOTS-000000,Wedding in the family,"₹3,500–6,000","Marketplace app (e.g. Myntra, Amazon)",Me,4 Agree,4 Agree,5 Strongly agree,2 Disagree,Probably not,10–25% more,1201.0,1178.0,2271.0,4661.0,Definitely not,Might or might not,2345.0,,8342.0,17729.0,Definitely not,Probably would,I'd like it,I'm neutral,I'd expect it,I'd dislike it,I'd like it,I can live with it,I'm neutral,I can live with it,I'd like it,I'd dislike it,I'm neutral,I can live with it,Look 2,Stylish,Comfortable,Rich,"Marketplace app (e.g. Myntra, Amazon), Brand store",1.0,1,Pay on delivery,₹10–25 lakh,4.0,4.0,5.0,2.0,4.333333333333333,2.0,True,self_buyer,,False,False
B036,2026-09-29 09:37:00,B,I agree,50–60,"I'm a man aged 40–60 and bought Indian ethnic wear (kurta, kurta set, Nehru jacket, sherwani) for myself in the last 2 years","Mumbai (incl. Thane, Navi Mumbai)",Claim test card: GOTS-certified organic cotton. Licence no. XX-GOTS-000000,,"₹3,500–6,000",Exhibition or pop-up,Together with someone,3 Neutral,4 Agree,4 Agree,2 Disagree,Probably would,10–25% more,1227.0,1240.0,3456.0,5867.0,Definitely would,Definitely would,4461.0,,9840.0,12458.0,Might or might not,Might or might not,I can live with it,I'd like it,I can live with it,I'd like it,I'm neutral,I'm neutral,I'd expect it,,I'd like it,I'm neutral,I can live with it,I can live with it,Look 2,Modern,Casual,,"Marketplace app (e.g. Myntra, Amazon), As a corporate or festive gift",5.0,2,Pay on delivery,₹25–50 lakh,3.0,4.0,4.0,2.0,3.6666666666666665,4.0,True,self_buyer,,True,False
B037,2026-09-29 15:46:00,B,I agree,33–39,Both,,Claim test card: GOTS-certified organic cotton. Licence no. XX-GOTS-000000,,,,,,,,,,,,,,,,,,,,,,,,,,,,,,,,,,,,,,,,,,,,,,,,,,,both,dropped_before_claim_test,False,False
B038,2026-09-29 17:27:00,B,I agree,50–60,Neither,,Claim test card: GOTS-certified organic cotton. Licence no. XX-GOTS-000000,,,,,,,,,,,,,,,,,,,,,,,,,,,,,,,,,,,,,,,,,,,,,,,,,,,,screened_out_neither_or_blank,False,False
B039,2026-09-29 12:10:00,B,I agree,18–24,I bought ethnic wear for my father or father-in-law in the last 2 years,,Claim test card: GOTS-certified organic cotton. Licence no. XX-GOTS-000000,,,,,,,,,,,,,,,,,,,,,,,,,,,,,,,,,,,,,,,,,,,,,,,,,,,gifter,dropped_before_claim_test,False,False
B040,2026-09-29 13:56:00,B,I agree,40–49,I bought ethnic wear for my father or father-in-law in the last 2 years,,Claim test card: GOTS-certified organic cotton. Licence no. XX-GOTS-000000,,,,,,,,,,,,,,,,,,,,,,,,,,,,,,,,,,,,,,,,,,,,,,,,,,,gifter,dropped_before_claim_test,False,False
B041,2026-09-29 09:38:00,B,I agree,33–39,"I'm a man aged 40–60 and bought Indian ethnic wear (kurta, kurta set, Nehru jacket, sherwani) for myself in the last 2 years",,Claim test card: GOTS-certified organic cotton. Licence no. XX-GOTS-000000,,,,,,,,,,,,,,,,,,,,,,,,,,,,,,,,,,,,,,,,,,,,,,,,,,,self_buyer,dropped_before_claim_test,False,False
B042,2026-09-29 09:09:00,B,I agree,25–32,Neither,,Claim test card: GOTS-certified organic cotton. Licence no. XX-GOTS-000000,,,,,,,,,,,,,,,,,,,,,,,,,,,,,,,,,,,,,,,,,,,,,,,,,,,,screened_out_neither_or_blank,False,False
B043,2026-09-29 14:05:00,B,I agree,25–32,"I'm a man aged 40–60 and bought Indian ethnic wear (kurta, kurta set, Nehru jacket, sherwani) for myself in the last 2 years",,Claim test card: GOTS-certified organic cotton. Licence no. XX-GOTS-000000,,,,,,,,,,,,,,,,,,,,,,,,,,,,,,,,,,,,,,,,,,,,,,,,,,,self_buyer,dropped_before_claim_test,False,False
B044,2026-09-29 10:49:00,B,I agree,50–60,Neither,,Claim test card: GOTS-certified organic cotton. Licence no. XX-GOTS-000000,,,,,,,,,,,,,,,,,,,,,,,,,,,,,,,,,,,,,,,,,,,,,,,,,,,,screened_out_neither_or_blank,False,False
B045,2026-09-29 14:43:00,B,I agree,33–39,I bought ethnic wear for my father or father-in-law in the last 2 years,"Mumbai (incl. Thane, Navi Mumbai)",Claim test card: GOTS-certified organic cotton. Licence no. XX-GOTS-000000,Everyday or office,"₹3,500–6,000","Marketplace app (e.g. Myntra, Amazon)",Me,,3 Neutral,2 Disagree,2 Disagree,Probably would,Up to 10% more,1000.0,1485.0,2506.0,5487.0,Definitely not,Definitely would,4488.0,7885.0,9123.0,24049.0,Definitely not,Probably would,I'd expect it,I'd expect it,I'd like it,I'd dislike it,I'd expect it,I can live with it,I can live with it,I'm neutral,I'm neutral,I can live with it,,I'd expect it,Look 2,no comment,,,"Through a tailor, Brand store, Multi-brand or department store",2.0,1,Pay on delivery,₹25–50 lakh,,3.0,2.0,2.0,,4.0,False,gifter,dropped_before_claim_test,True,True
B046,2026-09-29 13:51:00,B,I agree,50–60,I bought ethnic wear for my father or father-in-law in the last 2 years,,Claim test card: GOTS-certified organic cotton. Licence no. XX-GOTS-000000,,,,,,,,,,,,,,,,,,,,,,,,,,,,,,,,,,,,,,,,,,,,,,,,,,,gifter,dropped_before_claim_test,False,False
B047,2026-09-29 16:45:00,B,I agree,25–32,I bought ethnic wear for my father or father-in-law in the last 2 years,Pune,Claim test card: GOTS-certified organic cotton. Licence no. XX-GOTS-000000,Gift,"₹6,000–10,000",Multi-brand store,Me,5 Strongly agree,5 Strongly agree,1 Strongly disagree,2 Disagree,Definitely would,Less,1078.0,2204.0,3384.0,3698.0,Probably would,Definitely would,4828.0,6075.0,8039.0,47794.0,Probably would,Probably not,I'd like it,I can live with it,I'd like it,I can live with it,I can live with it,I'd expect it,I'd like it,I'd dislike it,I can live with it,I'd expect it,I can live with it,I'd dislike it,Look 2,Simple,nice quality,Casual,"Brand website, Marketplace app (e.g. Myntra, Amazon), Through a tailor",,2,Pay on delivery,Above ₹1 crore,5.0,5.0,1.0,2.0,3.6666666666666665,5.0,False,gifter,,True,True
B048,2026-09-29 17:56:00,B,I agree,33–39,"I'm a man aged 40–60 and bought Indian ethnic wear (kurta, kurta set, Nehru jacket, sherwani) for myself in the last 2 years",,Claim test card: GOTS-certified organic cotton. Licence no. XX-GOTS-000000,,,,,,,,,,,,,,,,,,,,,,,,,,,,,,,,,,,,,,,,,,,,,,,,,,,self_buyer,dropped_before_claim_test,False,False
B049,2026-09-29 17:25:00,B,I agree,40–49,"I'm a man aged 40–60 and bought Indian ethnic wear (kurta, kurta set, Nehru jacket, sherwani) for myself in the last 2 years","Mumbai (incl. Thane, Navi Mumbai)",Claim test card: GOTS-certified organic cotton. Licence no. XX-GOTS-000000,Wedding (as a guest),"Under ₹2,000","Marketplace app (e.g. Myntra, Amazon)",Me,4 Agree,4 Agree,5 Strongly agree,2 Disagree,Definitely would,Up to 10% more,,2455.0,2291.0,10609.0,Probably not,Definitely would,,6918.0,9201.0,14067.0,Definitely would,Probably not,I can live with it,I'm neutral,,,I'd like it,I can live with it,I'd expect it,I can live with it,I'd like it,I'd expect it,I'd like it,I'd dislike it,Look 3,Value,Rich,Modern,"Through a tailor, Brand store, Multi-brand or department store",4.0,1,Pay online in advance,₹25–50 lakh,4.0,4.0,5.0,2.0,4.333333333333333,5.0,False,self_buyer,,False,False
B050,2026-09-29 11:17:00,B,I agree,50–60,"I'm a man aged 40–60 and bought Indian ethnic wear (kurta, kurta set, Nehru jacket, sherwani) for myself in the last 2 years","Mumbai (incl. Thane, Navi Mumbai)",Claim test card: GOTS-certified organic cotton. Licence no. XX-GOTS-000000,Wedding (as a guest),"₹6,000–10,000",Department store,Together with someone,4 Agree,5 Strongly agree,4 Agree,2 Disagree,Probably would,Up to 10% more,,1876.0,2550.0,2938.0,Definitely not,Probably not,4087.0,5701.0,7967.0,21801.0,Might or might not,Probably would,I'd expect it,I'd dislike it,I'd like it,I'd dislike it,I'm neutral,I'd dislike it,I'd like it,I can live with it,,I can live with it,I'd like it,I'm neutral,Look 1,,Casual,no comment,"Through a tailor, Brand website",5.0,,Pay on delivery,Prefer not to say,4.0,5.0,4.0,2.0,4.333333333333333,4.0,False,self_buyer,,False,True
B051,2026-09-29 17:36:00,B,I agree,33–39,"I'm a man aged 40–60 and bought Indian ethnic wear (kurta, kurta set, Nehru jacket, sherwani) for myself in the last 2 years",,Claim test card: GOTS-certified organic cotton. Licence no. XX-GOTS-000000,,,,,,,,,,,,,,,,,,,,,,,,,,,,,,,,,,,,,,,,,,,,,,,,,,,self_buyer,dropped_before_claim_test,False,False
B052,2026-09-29 16:59:00,B,I agree,40–49,Both,Delhi NCR,Claim test card: GOTS-certified organic cotton. Licence no. XX-GOTS-000000,Wedding (as a guest),,Brand website,Me,3 Neutral,3 Neutral,5 Strongly agree,2 Disagree,Probably would,Less,968.0,1285.0,2768.0,5252.0,Definitely not,Definitely would,3604.0,5647.0,7240.0,23533.0,Probably not,Definitely would,I'd expect it,I can live with it,I'd like it,I can live with it,,I'd like it,I'd expect it,I'd like it,I'd dislike it,I'd expect it,I'm neutral,,Look 1,,Traditional,Value,"As a corporate or festive gift, Brand store",4.0,2,Pay online in advance,no answer,3.0,3.0,5.0,2.0,3.6666666666666665,4.0,False,both,,True,True
B053,2026-09-29 13:39:00,B,I agree,50–60,"I'm a man aged 40–60 and bought Indian ethnic wear (kurta, kurta set, Nehru jacket, sherwani) for myself in the last 2 years","Mumbai (incl. Thane, Navi Mumbai)",Claim test card: GOTS-certified organic cotton. Licence no. XX-GOTS-000000,Gift,"₹6,000–10,000",Brand store,Together with someone,5 Strongly agree,3 Neutral,4 Agree,3 Neutral,Might or might not,Up to 10% more,1291.0,1423.0,3297.0,4040.0,Definitely not,Definitely not,2223.0,,10517.0,,Definitely not,Probably would,I'd expect it,I'm neutral,I'd expect it,I can live with it,I can live with it,I'd dislike it,I'd expect it,I'm neutral,I'd like it,I can live with it,I'd expect it,I'd like it,Look 2,Simple,Formal,Formal,Brand store,4.0,3 or more,Pay on delivery,Above ₹1 crore,5.0,3.0,4.0,3.0,4.0,3.0,False,self_buyer,failed_attention_check,True,False
B054,2026-09-29 12:17:00,B,I agree,40–49,"I'm a man aged 40–60 and bought Indian ethnic wear (kurta, kurta set, Nehru jacket, sherwani) for myself in the last 2 years",Other city or town,Claim test card: GOTS-certified organic cotton. Licence no. XX-GOTS-000000,Festival,"Under ₹2,000",Brand website,Someone else,5 Strongly agree,1 Strongly disagree,2 Disagree,2 Disagree,Probably would,Less,1062.0,2167.0,3574.0,4736.0,,Definitely would,2980.0,5269.0,7523.0,24777.0,Definitely not,Probably not,I'd expect it,I can live with it,I'd dislike it,I can live with it,I'd dislike it,I can live with it,I'd expect it,I'm neutral,I'd dislike it,I'd dislike it,I can live with it,I'd like it,Look 2,Traditional,Formal,Traditional,"Brand website, Multi-brand or department store, Exhibition or pop-up",3.0,,Pay on delivery,₹10–25 lakh,5.0,1.0,2.0,2.0,2.6666666666666665,4.0,False,self_buyer,,True,True
B055,2026-09-29 10:55:00,B,I agree,33–39,Neither,,Claim test card: GOTS-certified organic cotton. Licence no. XX-GOTS-000000,,,,,,,,,,,,,,,,,,,,,,,,,,,,,,,,,,,,,,,,,,,,,,,,,,,,screened_out_neither_or_blank,False,False
B056,2026-09-29 14:38:00,B,I agree,18–24,Both,,Claim test card: GOTS-certified organic cotton. Licence no. XX-GOTS-000000,,,,,,,,,,,,,,,,,,,,,,,,,,,,,,,,,,,,,,,,,,,,,,,,,,,both,dropped_before_claim_test,False,False
B057,2026-09-29 11:46:00,B,I agree,50–60,Neither,,Claim test card: GOTS-certified organic cotton. Licence no. XX-GOTS-000000,,,,,,,,,,,,,,,,,,,,,,,,,,,,,,,,,,,,,,,,,,,,,,,,,,,,screened_out_neither_or_blank,False,False
B058,2026-09-29 16:49:00,B,I agree,18–24,Neither,,Claim test card: GOTS-certified organic cotton. Licence no. XX-GOTS-000000,,,,,,,,,,,,,,,,,,,,,,,,,,,,,,,,,,,,,,,,,,,,,,,,,,,,screened_out_neither_or_blank,False,False
B059,2026-09-29 13:23:00,B,I do not agree,,,,Claim test card: GOTS-certified organic cotton. Licence no. XX-GOTS-000000,,,,,,,,,,,,,,,,,,,,,,,,,,,,,,,,,,,,,,,,,,,,,,,,,,,,no_consent,False,False
B060,2026-09-29 12:10:00,B,I agree,50–60,"I'm a man aged 40–60 and bought Indian ethnic wear (kurta, kurta set, Nehru jacket, sherwani) for myself in the last 2 years","Other metro (Chennai, Hyderabad, Kolkata, Ahmedabad)",Claim test card: GOTS-certified organic cotton. Licence no. XX-GOTS-000000,Wedding in the family,"₹6,000–10,000",Department store,Someone else,3 Neutral,5 Strongly agree,,2 Disagree,Might or might not,Less,1086.0,1575.0,,4622.0,Definitely not,Definitely would,2461.0,,11723.0,,Definitely not,Definitely would,I'd like it,I'd dislike it,I'd like it,I can live with it,I'm neutral,I'd dislike it,I'm neutral,I'm neutral,I'd expect it,I'd expect it,I'd dislike it,I can live with it,Look 1,,Simple,Casual,Multi-brand or department store,3.0,1,Pay on delivery,Above ₹1 crore,3.0,5.0,,2.0,,3.0,False,self_buyer,dropped_before_claim_test,False,False
C001,2026-09-29 14:27:00,C,I agree,50–60,Both,Delhi NCR,Claim test card: GOTS-certified organic cotton. Licence no. XX-GOTS-000000 stays soft through a 6-hour function Scan to see the farm-to-tag trail,Wedding (as a guest),"Under ₹2,000",Brand store,Me,5 Strongly agree,2 Disagree,4 Agree,2 Disagree,Probably would,About the same,,1304.0,3879.0,4650.0,Definitely would,Probably would,2939.0,7210.0,1937.0,15703.0,Probably would,Definitely would,I'd dislike it,I can live with it,I can live with it,I'd expect it,I'd expect it,I'd dislike it,I'd like it,I'd dislike it,I'd like it,I'd dislike it,I'd expect it,,Look 1,Simple,no comment,Formal,"Multi-brand or department store, Brand store",3.0,2,Pay on delivery,₹25–50 lakh,5.0,2.0,4.0,2.0,3.6666666666666665,4.0,False,both,,False,False
C002,2026-09-29 11:23:00,C,I agree,40–49,"I'm a man aged 40–60 and bought Indian ethnic wear (kurta, kurta set, Nehru jacket, sherwani) for myself in the last 2 years",Delhi NCR,Claim test card: GOTS-certified organic cotton. Licence no. XX-GOTS-000000 stays soft through a 6-hour function Scan to see the farm-to-tag trail,Festival,"₹3,500–6,000",Department store,Together with someone,1 Strongly disagree,2 Disagree,4 Agree,2 Disagree,Might or might not,10–25% more,1156.0,1457.0,2095.0,4265.0,Probably would,Definitely would,3974.0,4732.0,10282.0,23361.0,Definitely not,Might or might not,,I'd expect it,I can live with it,I'd dislike it,I'd expect it,I'm neutral,I'd expect it,I'd like it,I'm neutral,I can live with it,I'm neutral,,Look 3,Stylish,,Stylish,shop,3.0,,Pay on delivery,₹50 lakh–1 crore,1.0,2.0,4.0,2.0,2.3333333333333335,3.0,True,self_buyer,,True,True
C003,2026-09-29 09:26:00,C,I agree,33–39,Neither,,Claim test card: GOTS-certified organic cotton. Licence no. XX-GOTS-000000 stays soft through a 6-hour function Scan to see the farm-to-tag trail,,,,,,,,,,,,,,,,,,,,,,,,,,,,,,,,,,,,,,,,,,,,,,,,,,,,screened_out_neither_or_blank,False,False
C004,2026-09-29 17:29:00,C,I agree,40–49,I bought ethnic wear for my father or father-in-law in the last 2 years,,Claim test card: GOTS-certified organic cotton. Licence no. XX-GOTS-000000 stays soft through a 6-hour function Scan to see the farm-to-tag trail,,,,,,,,,,,,,,,,,,,,,,,,,,,,,,,,,,,,,,,,,,,,,,,,,,,gifter,dropped_before_claim_test,False,False
C005,2026-09-29 14:02:00,C,I agree,40–49,I bought ethnic wear for my father or father-in-law in the last 2 years,,Claim test card: GOTS-certified organic cotton. Licence no. XX-GOTS-000000 stays soft through a 6-hour function Scan to see the farm-to-tag trail,,,,,,,,,,,,,,,,,,,,,,,,,,,,,,,,,,,,,,,,,,,,,,,,,,,gifter,dropped_before_claim_test,False,False
C006,2026-09-29 13:25:00,C,I agree,40–49,I bought ethnic wear for my father or father-in-law in the last 2 years,,Claim test card: GOTS-certified organic cotton. Licence no. XX-GOTS-000000 stays soft through a 6-hour function Scan to see the farm-to-tag trail,,,,,,,,,,,,,,,,,,,,,,,,,,,,,,,,,,,,,,,,,,,,,,,,,,,gifter,dropped_before_claim_test,False,False
C007,2026-09-29 16:08:00,C,I agree,25–32,Both,,Claim test card: GOTS-certified organic cotton. Licence no. XX-GOTS-000000 stays soft through a 6-hour function Scan to see the farm-to-tag trail,,,,,,,,,,,,,,,,,,,,,,,,,,,,,,,,,,,,,,,,,,,,,,,,,,,both,dropped_before_claim_test,False,False
C008,2026-09-29 15:54:00,C,I agree,50–60,I bought ethnic wear for my father or father-in-law in the last 2 years,,Claim test card: GOTS-certified organic cotton. Licence no. XX-GOTS-000000 stays soft through a 6-hour function Scan to see the farm-to-tag trail,,,,,,,,,,,,,,,,,,,,,,,,,,,,,,,,,,,,,,,,,,,,,,,,,,,gifter,dropped_before_claim_test,False,False
C009,2026-09-29 15:37:00,C,I agree,40–49,I bought ethnic wear for my father or father-in-law in the last 2 years,,Claim test card: GOTS-certified organic cotton. Licence no. XX-GOTS-000000 stays soft through a 6-hour function Scan to see the farm-to-tag trail,,,,,,,,,,,,,,,,,,,,,,,,,,,,,,,,,,,,,,,,,,,,,,,,,,,gifter,dropped_before_claim_test,False,False
C010,2026-09-29 09:36:00,C,I agree,25–32,"I'm a man aged 40–60 and bought Indian ethnic wear (kurta, kurta set, Nehru jacket, sherwani) for myself in the last 2 years",,Claim test card: GOTS-certified organic cotton. Licence no. XX-GOTS-000000 stays soft through a 6-hour function Scan to see the farm-to-tag trail,,,,,,,,,,,,,,,,,,,,,,,,,,,,,,,,,,,,,,,,,,,,,,,,,,,self_buyer,dropped_before_claim_test,False,False
C011,2026-09-29 12:14:00,C,I agree,40–49,I bought ethnic wear for my father or father-in-law in the last 2 years,,Claim test card: GOTS-certified organic cotton. Licence no. XX-GOTS-000000 stays soft through a 6-hour function Scan to see the farm-to-tag trail,,,,,,,,,,,,,,,,,,,,,,,,,,,,,,,,,,,,,,,,,,,,,,,,,,,gifter,dropped_before_claim_test,False,False
C012,2026-09-29 14:51:00,C,I agree,,"I'm a man aged 40–60 and bought Indian ethnic wear (kurta, kurta set, Nehru jacket, sherwani) for myself in the last 2 years",,Claim test card: GOTS-certified organic cotton. Licence no. XX-GOTS-000000 stays soft through a 6-hour function Scan to see the farm-to-tag trail,,,,,,,,,,,,,,,,,,,,,,,,,,,,,,,,,,,,,,,,,,,,,,,,,,,self_buyer,dropped_before_claim_test,False,False
C013,2026-09-29 12:47:00,C,I agree,40–49,I bought ethnic wear for my father or father-in-law in the last 2 years,,Claim test card: GOTS-certified organic cotton. Licence no. XX-GOTS-000000 stays soft through a 6-hour function Scan to see the farm-to-tag trail,,,,,,,,,,,,,,,,,,,,,,,,,,,,,,,,,,,,,,,,,,,,,,,,,,,gifter,dropped_before_claim_test,False,False
C014,2026-09-29 17:07:00,C,I do not agree,,,,Claim test card: GOTS-certified organic cotton. Licence no. XX-GOTS-000000 stays soft through a 6-hour function Scan to see the farm-to-tag trail,,,,,,,,,,,,,,,,,,,,,,,,,,,,,,,,,,,,,,,,,,,,,,,,,,,,no_consent,False,False
C015,2026-09-29 15:07:00,C,I agree,50–60,I bought ethnic wear for my father or father-in-law in the last 2 years,,Claim test card: GOTS-certified organic cotton. Licence no. XX-GOTS-000000 stays soft through a 6-hour function Scan to see the farm-to-tag trail,,,,,,,,,,,,,,,,,,,,,,,,,,,,,,,,,,,,,,,,,,,,,,,,,,,gifter,dropped_before_claim_test,False,False
C016,2026-09-29 17:39:00,C,I agree,50–60,I bought ethnic wear for my father or father-in-law in the last 2 years,,Claim test card: GOTS-certified organic cotton. Licence no. XX-GOTS-000000 stays soft through a 6-hour function Scan to see the farm-to-tag trail,,,,,,,,,,,,,,,,,,,,,,,,,,,,,,,,,,,,,,,,,,,,,,,,,,,gifter,dropped_before_claim_test,False,False
C017,2026-09-29 14:07:00,C,I agree,50–60,"I'm a man aged 40–60 and bought Indian ethnic wear (kurta, kurta set, Nehru jacket, sherwani) for myself in the last 2 years","Other metro (Chennai, Hyderabad, Kolkata, Ahmedabad)",Claim test card: GOTS-certified organic cotton. Licence no. XX-GOTS-000000 stays soft through a 6-hour function Scan to see the farm-to-tag trail,Gift,"₹6,000–10,000",Brand store,Me,4 Agree,4 Agree,4 Agree,2 Disagree,Probably would,About the same,1360.0,2207.0,,5965.0,Definitely not,Probably would,3561.0,6272.0,11268.0,19934.0,Probably not,Definitely would,I'd expect it,I can live with it,I'd expect it,I'd dislike it,,I can live with it,I'd expect it,I'd dislike it,I'd like it,,I'm neutral,I can live with it,Look 2,Elegant,nice quality,Formal,"Exhibition or pop-up, Through a tailor, As a corporate or festive gift",3.0,,Pay on delivery,10-20L,4.0,4.0,4.0,2.0,4.0,4.0,False,self_buyer,,False,True
C018,2026-09-29 11:54:00,C,I agree,18–24,"I'm a man aged 40–60 and bought Indian ethnic wear (kurta, kurta set, Nehru jacket, sherwani) for myself in the last 2 years",,Claim test card: GOTS-certified organic cotton. Licence no. XX-GOTS-000000 stays soft through a 6-hour function Scan to see the farm-to-tag trail,,,,,,,,,,,,,,,,,,,,,,,,,,,,,,,,,,,,,,,,,,,,,,,,,,,self_buyer,dropped_before_claim_test,False,False
C019,2026-09-29 12:05:00,C,I do not agree,,,,Claim test card: GOTS-certified organic cotton. Licence no. XX-GOTS-000000 stays soft through a 6-hour function Scan to see the farm-to-tag trail,,,,,,,,,,,,,,,,,,,,,,,,,,,,,,,,,,,,,,,,,,,,,,,,,,,,no_consent,False,False
C020,2026-09-29 14:00:00,C,I agree,40–49,I bought ethnic wear for my father or father-in-law in the last 2 years,,Claim test card: GOTS-certified organic cotton. Licence no. XX-GOTS-000000 stays soft through a 6-hour function Scan to see the farm-to-tag trail,,,,,,,,,,,,,,,,,,,,,,,,,,,,,,,,,,,,,,,,,,,,,,,,,,,gifter,dropped_before_claim_test,False,False
C021,2026-09-29 10:39:00,C,I agree,40–49,"I'm a man aged 40–60 and bought Indian ethnic wear (kurta, kurta set, Nehru jacket, sherwani) for myself in the last 2 years",Other city or town,Claim test card: GOTS-certified organic cotton. Licence no. XX-GOTS-000000 stays soft through a 6-hour function Scan to see the farm-to-tag trail,Gift,"₹2,000–3,500",Brand store,Someone else,4 Agree,5 Strongly agree,,2 Disagree,Definitely not,10–25% more,1195.0,1595.0,3983.0,3984.0,Probably would,Probably would,4853.0,5256.0,11894.0,17450.0,Probably would,Definitely would,I'd expect it,I'd dislike it,I'd dislike it,I can live with it,I'm neutral,I can live with it,,I'd dislike it,I'd dislike it,I'd expect it,I'd expect it,I'd like it,Look 2,Traditional,Formal,Traditional,"Multi-brand or department store, Exhibition or pop-up",5.0,1,Pay on delivery,10-20L,4.0,5.0,,2.0,,1.0,True,self_buyer,dropped_before_claim_test,True,True
C022,2026-09-29 17:02:00,C,I agree,18–24,"I'm a man aged 40–60 and bought Indian ethnic wear (kurta, kurta set, Nehru jacket, sherwani) for myself in the last 2 years",,Claim test card: GOTS-certified organic cotton. Licence no. XX-GOTS-000000 stays soft through a 6-hour function Scan to see the farm-to-tag trail,,,,,,,,,,,,,,,,,,,,,,,,,,,,,,,,,,,,,,,,,,,,,,,,,,,self_buyer,dropped_before_claim_test,False,False
C023,2026-09-29 11:11:00,C,I agree,33–39,"I'm a man aged 40–60 and bought Indian ethnic wear (kurta, kurta set, Nehru jacket, sherwani) for myself in the last 2 years",,Claim test card: GOTS-certified organic cotton. Licence no. XX-GOTS-000000 stays soft through a 6-hour function Scan to see the farm-to-tag trail,,,,,,,,,,,,,,,,,,,,,,,,,,,,,,,,,,,,,,,,,,,,,,,,,,,self_buyer,dropped_before_claim_test,False,False
C024,2026-09-29 13:24:00,C,I agree,50–60,Neither,,Claim test card: GOTS-certified organic cotton. Licence no. XX-GOTS-000000 stays soft through a 6-hour function Scan to see the farm-to-tag trail,,,,,,,,,,,,,,,,,,,,,,,,,,,,,,,,,,,,,,,,,,,,,,,,,,,,screened_out_neither_or_blank,False,False
C025,2026-09-29 12:07:00,C,I agree,25–32,I bought ethnic wear for my father or father-in-law in the last 2 years,"Other metro (Chennai, Hyderabad, Kolkata, Ahmedabad)",Claim test card: GOTS-certified organic cotton. Licence no. XX-GOTS-000000 stays soft through a 6-hour function Scan to see the farm-to-tag trail,Gift,"₹3,500–6,000","Marketplace app (e.g. Myntra, Amazon)",Me,5 Strongly agree,5 Strongly agree,5 Strongly agree,2 Disagree,Probably would,10–25% more,1398.0,2026.0,3699.0,5198.0,Probably not,Definitely not,3742.0,7171.0,6443.0,19419.0,Probably not,Definitely would,I'd like it,I'm neutral,I'd expect it,I'd dislike it,I'm neutral,I can live with it,I can live with it,I'm neutral,I can live with it,I'd like it,I'm neutral,I'd expect it,Look 1,Formal,Elegant,Formal,Multi-brand or department store,4.0,,Pay online in advance,₹25–50 lakh,5.0,5.0,5.0,2.0,5.0,4.0,True,gifter,,True,False
C026,2026-09-29 14:43:00,C,I agree,40–49,"I'm a man aged 40–60 and bought Indian ethnic wear (kurta, kurta set, Nehru jacket, sherwani) for myself in the last 2 years","Mumbai (incl. Thane, Navi Mumbai)",Claim test card: GOTS-certified organic cotton. Licence no. XX-GOTS-000000 stays soft through a 6-hour function Scan to see the farm-to-tag trail,Other,,Exhibition or pop-up,Me,2 Disagree,5 Strongly agree,2 Disagree,2 Disagree,Probably would,More than 25% more,956.0,1812.0,3519.0,3964.0,Probably not,,3954.0,7013.0,8652.0,12471.0,Probably not,Definitely would,I'm neutral,I'd dislike it,I'd dislike it,I'm neutral,I'm neutral,I'm neutral,I'd expect it,I'd dislike it,I'm neutral,I'd dislike it,I'd like it,I'm neutral,Look 3,Stylish,Value,Elegant,Brand website,4.0,1,Pay on delivery,₹10–25 lakh,2.0,5.0,2.0,2.0,3.0,4.0,True,self_buyer,,True,True
C027,2026-09-29 10:31:00,C,I agree,33–39,"I'm a man aged 40–60 and bought Indian ethnic wear (kurta, kurta set, Nehru jacket, sherwani) for myself in the last 2 years",,Claim test card: GOTS-certified organic cotton. Licence no. XX-GOTS-000000 stays soft through a 6-hour function Scan to see the farm-to-tag trail,,,,,,,,,,,,,,,,,,,,,,,,,,,,,,,,,,,,,,,,,,,,,,,,,,,self_buyer,dropped_before_claim_test,False,False
C028,2026-09-29 12:47:00,C,I agree,18–24,"I'm a man aged 40–60 and bought Indian ethnic wear (kurta, kurta set, Nehru jacket, sherwani) for myself in the last 2 years",,Claim test card: GOTS-certified organic cotton. Licence no. XX-GOTS-000000 stays soft through a 6-hour function Scan to see the farm-to-tag trail,,,,,,,,,,,,,,,,,,,,,,,,,,,,,,,,,,,,,,,,,,,,,,,,,,,self_buyer,dropped_before_claim_test,False,False
C029,2026-09-29 15:03:00,C,I agree,33–39,Both,,Claim test card: GOTS-certified organic cotton. Licence no. XX-GOTS-000000 stays soft through a 6-hour function Scan to see the farm-to-tag trail,,,,,,,,,,,,,,,,,,,,,,,,,,,,,,,,,,,,,,,,,,,,,,,,,,,both,dropped_before_claim_test,False,False
C030,2026-09-29 12:48:00,C,I agree,Under 18,I bought ethnic wear for my father or father-in-law in the last 2 years,,Claim test card: GOTS-certified organic cotton. Licence no. XX-GOTS-000000 stays soft through a 6-hour function Scan to see the farm-to-tag trail,,,,,,,,,,,,,,,,,,,,,,,,,,,,,,,,,,,,,,,,,,,,,,,,,,,gifter,under_18,False,False
C031,2026-09-29 14:14:00,C,I do not agree,,,,Claim test card: GOTS-certified organic cotton. Licence no. XX-GOTS-000000 stays soft through a 6-hour function Scan to see the farm-to-tag trail,,,,,,,,,,,,,,,,,,,,,,,,,,,,,,,,,,,,,,,,,,,,,,,,,,,,no_consent,False,False
C032,2026-09-29 16:10:00,C,I agree,50–60,"I'm a man aged 40–60 and bought Indian ethnic wear (kurta, kurta set, Nehru jacket, sherwani) for myself in the last 2 years",Pune,Claim test card: GOTS-certified organic cotton. Licence no. XX-GOTS-000000 stays soft through a 6-hour function Scan to see the farm-to-tag trail,Festival,"₹6,000–10,000",Brand store,Me,4 Agree,4 Agree,4 Agree,2 Disagree,Probably not,Less,812.0,1021.0,3114.0,5461.0,Probably not,Probably would,2343.0,7538.0,11244.0,19152.0,Might or might not,Might or might not,I can live with it,I'd dislike it,I'm neutral,I can live with it,I'd expect it,I'm neutral,I'd expect it,I'm neutral,I'd expect it,,I'd expect it,I'd dislike it,Look 2,Stylish,,Casual,"Marketplace app (e.g. Myntra, Amazon)",3.0,2,Pay online in advance,₹25–50 lakh,4.0,4.0,4.0,2.0,4.0,2.0,False,self_buyer,,True,True
C033,2026-09-29 14:39:00,C,I do not agree,,,,Claim test card: GOTS-certified organic cotton. Licence no. XX-GOTS-000000 stays soft through a 6-hour function Scan to see the farm-to-tag trail,,,,,,,,,,,,,,,,,,,,,,,,,,,,,,,,,,,,,,,,,,,,,,,,,,,,no_consent,False,False
C034,2026-09-29 15:20:00,C,I agree,Under 18,"I'm a man aged 40–60 and bought Indian ethnic wear (kurta, kurta set, Nehru jacket, sherwani) for myself in the last 2 years",,Claim test card: GOTS-certified organic cotton. Licence no. XX-GOTS-000000 stays soft through a 6-hour function Scan to see the farm-to-tag trail,,,,,,,,,,,,,,,,,,,,,,,,,,,,,,,,,,,,,,,,,,,,,,,,,,,self_buyer,under_18,False,False
C035,2026-09-29 13:26:00,C,I agree,40–49,"I'm a man aged 40–60 and bought Indian ethnic wear (kurta, kurta set, Nehru jacket, sherwani) for myself in the last 2 years",Bengaluru,Claim test card: GOTS-certified organic cotton. Licence no. XX-GOTS-000000 stays soft through a 6-hour function Scan to see the farm-to-tag trail,Gift,"₹3,500–6,000",Multi-brand store,Me,4 Agree,,,2 Disagree,Probably not,Less,611.0,2257.0,2771.0,5919.0,Definitely not,Definitely would,4227.0,7063.0,7275.0,,Definitely not,Probably would,I'd expect it,,I'm neutral,I'd dislike it,I can live with it,I'd like it,I'd dislike it,I'd dislike it,I can live with it,I can live with it,I'd like it,I'm neutral,Look 1,Traditional,Simple,Casual,"As a corporate or festive gift, Marketplace app (e.g. Myntra, Amazon)",5.0,,Pay on delivery,₹10–25 lakh,4.0,,,2.0,,2.0,False,self_buyer,dropped_before_claim_test,True,False
C036,2026-09-29 14:01:00,C,I agree,25–32,I bought ethnic wear for my father or father-in-law in the last 2 years,Pune,Claim test card: GOTS-certified organic cotton. Licence no. XX-GOTS-000000 stays soft through a 6-hour function Scan to see the farm-to-tag trail,Wedding (as a guest),"₹3,500–6,000",Brand website,Together with someone,4 Agree,4 Agree,5 Strongly agree,2 Disagree,Definitely would,About the same,1121.0,2052.0,2748.0,5183.0,Definitely would,Definitely would,2774.0,7207.0,11182.0,23155.0,,Definitely would,I'm neutral,I'm neutral,I'd like it,I can live with it,I'd expect it,I'm neutral,I'd like it,I'd expect it,I'd like it,I'd dislike it,I'd expect it,I can live with it,Look 2,Comfortable,Traditional,Modern,As a corporate or festive gift,5.0,3 or more,Pay online in advance,₹10–25 lakh,4.0,4.0,5.0,2.0,4.333333333333333,5.0,False,gifter,,True,True
C037,2026-09-29 16:54:00,C,I agree,40–49,Both,Bengaluru,Claim test card: GOTS-certified organic cotton. Licence no. XX-GOTS-000000 stays soft through a 6-hour function Scan to see the farm-to-tag trail,Gift,"₹3,500–6,000",Brand store,Someone else,2 Disagree,,4 Agree,2 Disagree,Probably not,About the same,,1326.0,3839.0,,Definitely not,Definitely would,,4662.0,8897.0,14222.0,Definitely not,Probably not,I'd dislike it,I'd dislike it,I can live with it,I'm neutral,I'd dislike it,I can live with it,I'd expect it,,I'd like it,I'd dislike it,I'd expect it,I'd expect it,Look 1,Comfortable,Value,Formal,"Brand store, Through a tailor, As a corporate or festive gift",5.0,1,Pay online in advance,₹50 lakh–1 crore,2.0,,4.0,2.0,,2.0,False,both,dropped_before_claim_test,False,False
C038,2026-09-29 11:00:00,C,I agree,40–49,"I'm a man aged 40–60 and bought Indian ethnic wear (kurta, kurta set, Nehru jacket, sherwani) for myself in the last 2 years",Bengaluru,Claim test card: GOTS-certified organic cotton. Licence no. XX-GOTS-000000 stays soft through a 6-hour function Scan to see the farm-to-tag trail,Wedding in the family,,Department store,,4 Agree,2 Disagree,4 Agree,2 Disagree,Probably would,About the same,701.0,2158.0,3058.0,4159.0,Definitely not,Definitely would,3536.0,6082.0,7295.0,23322.0,Definitely not,Probably not,I'd like it,I'd expect it,I'd expect it,I can live with it,I'm neutral,I'd dislike it,I'd like it,I'd dislike it,I'd like it,,I'm neutral,I can live with it,Look 1,Value,Stylish,Comfortable,Multi-brand or department store,1.0,1,Pay on delivery,₹10–25 lakh,4.0,2.0,4.0,2.0,3.3333333333333335,4.0,False,self_buyer,,True,True
C039,2026-09-29 17:01:00,C,I agree,50–60,"I'm a man aged 40–60 and bought Indian ethnic wear (kurta, kurta set, Nehru jacket, sherwani) for myself in the last 2 years",Bengaluru,Claim test card: GOTS-certified organic cotton. Licence no. XX-GOTS-000000 stays soft through a 6-hour function Scan to see the farm-to-tag trail,Gift,"₹3,500–6,000","Marketplace app (e.g. Myntra, Amazon)",Me,4 Agree,4 Agree,4 Agree,2 Disagree,Probably would,More than 25% more,1407.0,1299.0,3992.0,5599.0,Probably not,Definitely would,4817.0,5386.0,7002.0,14098.0,Probably not,Probably not,I'd expect it,I'm neutral,I'd like it,I'd dislike it,I'd like it,I'd dislike it,I'm neutral,I can live with it,I'm neutral,I can live with it,I'd dislike it,I'm neutral,Look 2,nice quality,Simple,Simple,Brand store,4.0,1,Pay online in advance,₹50 lakh–1 crore,4.0,4.0,4.0,2.0,4.0,4.0,True,self_buyer,,False,True
C040,2026-09-29 09:54:00,C,I agree,25–32,"I'm a man aged 40–60 and bought Indian ethnic wear (kurta, kurta set, Nehru jacket, sherwani) for myself in the last 2 years",,Claim test card: GOTS-certified organic cotton. Licence no. XX-GOTS-000000 stays soft through a 6-hour function Scan to see the farm-to-tag trail,,,,,,,,,,,,,,,,,,,,,,,,,,,,,,,,,,,,,,,,,,,,,,,,,,,self_buyer,dropped_before_claim_test,False,False
C041,2026-09-29 10:12:00,C,I agree,40–49,Neither,,Claim test card: GOTS-certified organic cotton. Licence no. XX-GOTS-000000 stays soft through a 6-hour function Scan to see the farm-to-tag trail,,,,,,,,,,,,,,,,,,,,,,,,,,,,,,,,,,,,,,,,,,,,,,,,,,,,screened_out_neither_or_blank,False,False
C042,2026-09-29 17:03:00,C,I agree,25–32,"I'm a man aged 40–60 and bought Indian ethnic wear (kurta, kurta set, Nehru jacket, sherwani) for myself in the last 2 years",,Claim test card: GOTS-certified organic cotton. Licence no. XX-GOTS-000000 stays soft through a 6-hour function Scan to see the farm-to-tag trail,,,,,,,,,,,,,,,,,,,,,,,,,,,,,,,,,,,,,,,,,,,,,,,,,,,self_buyer,dropped_before_claim_test,False,False
C043,2026-09-29 12:19:00,C,I agree,33–39,Both,,Claim test card: GOTS-certified organic cotton. Licence no. XX-GOTS-000000 stays soft through a 6-hour function Scan to see the farm-to-tag trail,,,,,,,,,,,,,,,,,,,,,,,,,,,,,,,,,,,,,,,,,,,,,,,,,,,both,dropped_before_claim_test,False,False
C044,2026-09-29 17:32:00,C,I agree,50–60,I bought ethnic wear for my father or father-in-law in the last 2 years,,Claim test card: GOTS-certified organic cotton. Licence no. XX-GOTS-000000 stays soft through a 6-hour function Scan to see the farm-to-tag trail,,,,,,,,,,,,,,,,,,,,,,,,,,,,,,,,,,,,,,,,,,,,,,,,,,,gifter,dropped_before_claim_test,False,False
C045,2026-09-29 11:02:00,C,I agree,40–49,"I'm a man aged 40–60 and bought Indian ethnic wear (kurta, kurta set, Nehru jacket, sherwani) for myself in the last 2 years",Delhi NCR,Claim test card: GOTS-certified organic cotton. Licence no. XX-GOTS-000000 stays soft through a 6-hour function Scan to see the farm-to-tag trail,Wedding in the family,"₹2,000–3,500","Marketplace app (e.g. Myntra, Amazon)",Me,4 Agree,4 Agree,3 Neutral,2 Disagree,Definitely would,About the same,1244.0,1990.0,3057.0,,Definitely not,Probably not,3674.0,6515.0,7711.0,16178.0,Probably not,Definitely would,I'd like it,I'd expect it,I'd like it,I'm neutral,I'm neutral,I'd dislike it,I'd dislike it,I'd like it,I'd like it,I can live with it,I'm neutral,I'm neutral,Look 3,Rich,Formal,Elegant,"Brand website, Multi-brand or department store, Through a tailor",1.0,3 or more,Pay on delivery,₹50 lakh–1 crore,4.0,4.0,3.0,2.0,3.6666666666666665,5.0,False,self_buyer,,False,True
C046,2026-09-29 15:30:00,C,I agree,,"I'm a man aged 40–60 and bought Indian ethnic wear (kurta, kurta set, Nehru jacket, sherwani) for myself in the last 2 years",,Claim test card: GOTS-certified organic cotton. Licence no. XX-GOTS-000000 stays soft through a 6-hour function Scan to see the farm-to-tag trail,,,,,,,,,,,,,,,,,,,,,,,,,,,,,,,,,,,,,,,,,,,,,,,,,,,self_buyer,dropped_before_claim_test,False,False
C047,2026-09-29 14:05:00,C,I agree,40–49,"I'm a man aged 40–60 and bought Indian ethnic wear (kurta, kurta set, Nehru jacket, sherwani) for myself in the last 2 years",Bengaluru,Claim test card: GOTS-certified organic cotton. Licence no. XX-GOTS-000000 stays soft through a 6-hour function Scan to see the farm-to-tag trail,Festival,,Brand store,Together with someone,4 Agree,2 Disagree,4 Agree,3 Neutral,Definitely would,About the same,,1082.0,3673.0,,Probably would,Probably would,2633.0,6895.0,10272.0,22615.0,Definitely not,Probably would,I'm neutral,I'd dislike it,I'd expect it,I'd expect it,I'd expect it,I'd dislike it,I'd like it,I'm neutral,I'd expect it,I can live with it,I'm neutral,I can live with it,Look 2,Traditional,Simple,Value,Exhibition or pop-up,3.0,2,Pay on delivery,10-20L,4.0,2.0,4.0,3.0,3.3333333333333335,5.0,False,self_buyer,failed_attention_check,False,True
C048,2026-09-29 16:03:00,C,I do not agree,,,,Claim test card: GOTS-certified organic cotton. Licence no. XX-GOTS-000000 stays soft through a 6-hour function Scan to see the farm-to-tag trail,,,,,,,,,,,,,,,,,,,,,,,,,,,,,,,,,,,,,,,,,,,,,,,,,,,,no_consent,False,False
C049,2026-09-29 09:55:00,C,I agree,40–49,,Pune,Claim test card: GOTS-certified organic cotton. Licence no. XX-GOTS-000000 stays soft through a 6-hour function Scan to see the farm-to-tag trail,Wedding (as a guest),"₹3,500–6,000",Multi-brand store,Together with someone,5 Strongly agree,3 Neutral,4 Agree,1 Strongly disagree,Might or might not,10–25% more,1092.0,1998.0,2997.0,5160.0,Probably not,Probably would,4397.0,,10237.0,15565.0,Probably not,Definitely not,I'd expect it,I can live with it,I'd expect it,I'd dislike it,I'm neutral,I can live with it,,I'd like it,I'd dislike it,I'm neutral,I'd expect it,I'd like it,Look 2,Casual,Elegant,Value,Exhibition or pop-up,1.0,2,Pay online in advance,Above ₹1 crore,5.0,3.0,4.0,1.0,4.0,3.0,True,,screened_out_neither_or_blank,True,False
C050,2026-09-29 11:34:00,C,I agree,40–49,I bought ethnic wear for my father or father-in-law in the last 2 years,,Claim test card: GOTS-certified organic cotton. Licence no. XX-GOTS-000000 stays soft through a 6-hour function Scan to see the farm-to-tag trail,,,,,,,,,,,,,,,,,,,,,,,,,,,,,,,,,,,,,,,,,,,,,,,,,,,gifter,dropped_before_claim_test,False,False
C051,2026-09-29 11:20:00,C,I do not agree,,,,Claim test card: GOTS-certified organic cotton. Licence no. XX-GOTS-000000 stays soft through a 6-hour function Scan to see the farm-to-tag trail,,,,,,,,,,,,,,,,,,,,,,,,,,,,,,,,,,,,,,,,,,,,,,,,,,,,no_consent,False,False
C052,2026-09-29 12:25:00,C,I agree,50–60,Both,"Mumbai (incl. Thane, Navi Mumbai)",Claim test card: GOTS-certified organic cotton. Licence no. XX-GOTS-000000 stays soft through a 6-hour function Scan to see the farm-to-tag trail,Other,"₹3,500–6,000",Brand website,Me,5 Strongly agree,4 Agree,1 Strongly disagree,2 Disagree,Probably would,Up to 10% more,1104.0,1541.0,3816.0,5808.0,Might or might not,Definitely would,4195.0,7372.0,8640.0,17517.0,Probably would,Might or might not,I'm neutral,I'd expect it,I'm neutral,I'd dislike it,I'd like it,I'm neutral,I can live with it,I can live with it,I can live with it,I can live with it,I'm neutral,I'd like it,,Simple,Value,Formal,"Through a tailor, Brand store",4.0,1,Pay online in advance,Above ₹1 crore,5.0,4.0,1.0,2.0,3.3333333333333335,4.0,False,both,,True,True
C053,2026-09-29 14:50:00,C,I agree,50–60,I bought ethnic wear for my father or father-in-law in the last 2 years,,Claim test card: GOTS-certified organic cotton. Licence no. XX-GOTS-000000 stays soft through a 6-hour function Scan to see the farm-to-tag trail,,,,,,,,,,,,,,,,,,,,,,,,,,,,,,,,,,,,,,,,,,,,,,,,,,,gifter,dropped_before_claim_test,False,False
C054,2026-09-29 15:59:00,C,I agree,Under 18,I bought ethnic wear for my father or father-in-law in the last 2 years,,Claim test card: GOTS-certified organic cotton. Licence no. XX-GOTS-000000 stays soft through a 6-hour function Scan to see the farm-to-tag trail,,,,,,,,,,,,,,,,,,,,,,,,,,,,,,,,,,,,,,,,,,,,,,,,,,,gifter,under_18,False,False
C055,2026-09-29 16:48:00,C,I agree,50–60,"I'm a man aged 40–60 and bought Indian ethnic wear (kurta, kurta set, Nehru jacket, sherwani) for myself in the last 2 years",,Claim test card: GOTS-certified organic cotton. Licence no. XX-GOTS-000000 stays soft through a 6-hour function Scan to see the farm-to-tag trail,Other,"₹6,000–10,000",Department store,Me,3 Neutral,5 Strongly agree,1 Strongly disagree,2 Disagree,Probably would,10–25% more,537.0,1087.0,3027.0,4661.0,Definitely not,Probably not,3497.0,7792.0,7562.0,24688.0,Probably not,Definitely would,I'm neutral,I can live with it,I can live with it,I'd expect it,I'd like it,I'd dislike it,I'd like it,I'm neutral,,I'd dislike it,I'd like it,I'm neutral,Look 3,Elegant,Stylish,Traditional,"Marketplace app (e.g. Myntra, Amazon), Through a tailor, Brand website",4.0,2,Pay on delivery,₹10–25 lakh,3.0,5.0,1.0,2.0,3.0,4.0,True,self_buyer,,True,False
C056,2026-09-29 11:26:00,C,I agree,33–39,Neither,,Claim test card: GOTS-certified organic cotton. Licence no. XX-GOTS-000000 stays soft through a 6-hour function Scan to see the farm-to-tag trail,,,,,,,,,,,,,,,,,,,,,,,,,,,,,,,,,,,,,,,,,,,,,,,,,,,,screened_out_neither_or_blank,False,False
C057,2026-09-29 14:23:00,C,I agree,50–60,Both,"Mumbai (incl. Thane, Navi Mumbai)",Claim test card: GOTS-certified organic cotton. Licence no. XX-GOTS-000000 stays soft through a 6-hour function Scan to see the farm-to-tag trail,Everyday or office,"₹3,500–6,000",Brand store,,5 Strongly agree,5 Strongly agree,5 Strongly agree,2 Disagree,Might or might not,Less,1056.0,2060.0,2900.0,4387.0,Definitely not,Might or might not,4787.0,4361.0,11502.0,10448.0,Definitely not,Definitely would,I'd expect it,I can live with it,I'd like it,I'm neutral,I can live with it,I can live with it,I'd dislike it,I can live with it,I'd expect it,I can live with it,I'd like it,I'd like it,Look 1,Modern,Casual,Elegant,"Brand store, Multi-brand or department store",2.0,1,Pay on delivery,10-20L,5.0,5.0,5.0,2.0,5.0,3.0,False,both,,True,False
C058,2026-09-29 12:04:00,C,I agree,40–49,"I'm a man aged 40–60 and bought Indian ethnic wear (kurta, kurta set, Nehru jacket, sherwani) for myself in the last 2 years","Mumbai (incl. Thane, Navi Mumbai)",Claim test card: GOTS-certified organic cotton. Licence no. XX-GOTS-000000 stays soft through a 6-hour function Scan to see the farm-to-tag trail,Festival,"₹6,000–10,000",Brand website,Me,4 Agree,5 Strongly agree,,3 Neutral,Probably not,Up to 10% more,1052.0,1739.0,2157.0,5430.0,Might or might not,,2834.0,,11580.0,14224.0,Probably not,Probably would,I'd dislike it,I'd like it,I'm neutral,I'd expect it,I'd like it,I can live with it,I'm neutral,I'm neutral,I'd like it,I'd dislike it,I'd expect it,I'd expect it,Look 1,Simple,Formal,Traditional,"Brand website, Exhibition or pop-up, Marketplace app (e.g. Myntra, Amazon)",3.0,2,Pay on delivery,₹10–25 lakh,4.0,5.0,,3.0,,2.0,False,self_buyer,dropped_before_claim_test,True,False
C059,2026-09-29 10:22:00,C,I agree,33–39,Neither,,Claim test card: GOTS-certified organic cotton. Licence no. XX-GOTS-000000 stays soft through a 6-hour function Scan to see the farm-to-tag trail,,,,,,,,,,,,,,,,,,,,,,,,,,,,,,,,,,,,,,,,,,,,,,,,,,,,screened_out_neither_or_blank,False,False
C060,2026-09-29 17:19:00,C,I do not agree,,,,Claim test card: GOTS-certified organic cotton. Licence no. XX-GOTS-000000 stays soft through a 6-hour function Scan to see the farm-to-tag trail,,,,,,,,,,,,,,,,,,,,,,,,,,,,,,,,,,,,,,,,,,,,,,,,,,,,no_consent,False,False
