sku_id,brand,product,line,fabric_composition,certification_claim,mrp_inr,selling_price_inr,url,date_collected,source_note
P001,Manyavar,Elegant Dark Green Kurta Pajama Set,festive,Blended Viscose,none,2624,2624,https://www.manyavar.com/en-in/full-length-kurta-pajama/elegant-dark-green-kurta-pajama-set/UC134696.html,2026-09-30,page read 30 Sep
P002,Manyavar,Creamy Elegance Kurta Pajama,ceremonial,Blended Viscose,none,6999,6999,https://www.manyavar.com/en-in/full-length-kurta-pajama/creamy-elegance-kurta-pajama/UC148172.html,2026-09-30,page read 30 Sep
P003,Manyavar,Mustard Elegance Kurta Pajama,festive,Blended Viscose,none,2624,2624,https://www.manyavar.com/en-in/full-length-kurta-pajama/mustard-elegance-kurta-pajama/UC148981.html,2026-09-30,page read 30 Sep
P004,Manyavar,White Cotton Kurta Pajama,everyday,not shown,none,2624,2624,https://www.manyavar.com/en-in/full-length-kurta-pajama/white-cotton-kurta-pajama/UC156958.html,2026-09-30,page read 30 Sep; fabric not listed despite name
P005,Manyavar,Coral Charm Kurta Pajama,festive,Blended Cotton,none,2624,2624,https://www.manyavar.com/en-in/full-length-kurta-pajama/coral-charm-kurta-pajama/UC138961.html,2026-09-30,page read 30 Sep
P006,Manyavar,Purple Georgette Kurta Pajama with Embroidery,ceremonial,Georgette,none,6999,6999,https://www.manyavar.com/en-in/kurta-pajama/purple-georgette-kurta-pajama-with-embroidery/UC165126.html,2026-09-30,page read 30 Sep
P007,Manyavar,Royale Dark Blue Kurta Pajama,festive,Blended Viscose,none,6499,6499,https://www.manyavar.com/en-in/product-feed/royale-dark-blue-kurta-pajama/M408294.html,2026-09-30,page read 30 Sep
P008,Manyavar,Dark Blue Georgette Kurta Pajama,ceremonial,Georgette,none,7999,7999,https://www.manyavar.com/en-in/full-length-kurta-pajama/dark-blue-georgette-kurta-pajama/UC150959.html,2026-09-30,page read 30 Sep
P009,Manyavar,Dark Blue Enchanting Kurta Pajama,festive,Viscose,none,5499,5499,https://www.manyavar.com/en-in/full-length-kurta-pajama/dark-blue-enchanting-kurta-pajama/UC148002.html,2026-09-30,page read 30 Sep
P010,Manyavar,Midnight Black Buta Embroidered Kurta Set,ceremonial,Blended Viscose,none,5499,5499,https://www.manyavar.com/en-in/full-length-kurta-pajama/midnight-black-buta-embroidered-kurta-set/M201145.html,2026-09-30,page read 30 Sep
P011,Manyavar,Beige Brocade Elegance Kurta Pajama,ceremonial,Brocade,none,4499,4499,https://www.manyavar.com/en-in/full-length-kurta-pajama/beige-brocade-elegance-kurta-pajama/UC142370.html,2026-09-30,page read 30 Sep
P012,Manyavar,White Elegance Cotton Kurta Pajama,everyday,Cotton,none,2624,2624,https://www.manyavar.com/en-in/full-length-kurta-pajama/white-elegance-cotton-kurta-pajama/M424176.html,2026-09-30,page read 30 Sep
P013,Manyavar,Serene Pink Kurta Pajama,festive,Blended Viscose,none,3999,3999,https://www.manyavar.com/en-in/full-length-kurta-pajama/serene-pink-kurta-pajama/M451019.html,2026-09-30,page read 30 Sep
P014,Manyavar,Subtle Light Green Kurta Pajama,festive,Art Silk,none,3999,3999,https://www.manyavar.com/en-in/full-length-kurta-pajama/subtle-light-green-kurta-pajama/M241867.html,2026-09-30,page read 30 Sep
P015,Manyavar,Emerald Elegance Kurta Pajama,festive,Blended Cotton,none,5499,5499,https://www.manyavar.com/en-in/full-length-kurta-pajama/emerald-elegance-kurta-pajama/UC134602.html,2026-09-30,page read 30 Sep
P016,Sojanya,Men's Cotton Silk Floral Embroidered Black Kurta With Pyjama,festive,Cotton Silk (60% Cotton 40% Silk),none,4330,1169.10,https://sojanya.com/products/mens-cotton-silk-floral-embroidered-black-kurta-with-pyjama,2026-09-30,page read 30 Sep
P017,Sojanya,Men's Silk Blend Beige Printed Kurta and White Churidar Pyjama Set,festive,Kurta Silk Blend; Pyjama 100% Cotton,none,5199,1403.73,https://sojanya.com/products/mens-silk-blend-beige-printed-kurta-and-white-churidar-pyjama-set,2026-09-30,page read 30 Sep
P018,Sojanya,Men's Cotton Silk Premium Panel Embroidery Beige Kurta with Pyjama,ceremonial,Kurta Cotton Silk; Pyjama 100% Cotton,none,6109,5226.36,https://sojanya.com/products/mens-cotton-silk-premium-panel-embroidery-beige-kurta-with-pyjama,2026-09-30,page read 30 Sep
P019,Sojanya,Men's Silk Blend Cream Kurta and Pyjama With Daman Embroidered Cream Nehru Jacket,ceremonial,Kurta & jacket Silk Blend (80% Silk 20% Cotton); Pyjama 100% Cotton,none,8663,2339,https://sojanya.com/products/mens-silk-blend-cream-kurta-and-pyjama-with-daman-embroidered-cream-nehru-jacket,2026-09-30,page read 30 Sep
P020,Sojanya,Men's Silk Blend Black Printed Kurta and White Churidar Pyjama Set,festive,Kurta Silk Blend; Pyjama 100% Cotton,none,5199,1403.73,https://sojanya.com/products/mens-silk-blend-black-printed-kurta-and-white-churidar-pyjama-set-copy,2026-09-30,page read 30 Sep
P021,Sojanya,Men's Silk Blend Maroon Kurta Pyjama & Beige Embroidered Nehru Jacket,ceremonial,Kurta & jacket Silk Blend; Pyjama 100% Cotton,none,5497,2033.89,https://sojanya.com/products/sojanya-since-1958-mens-silk-blend-maroon-kurta-pyjama-beige-embroiderd-nehrujacket-combo,2026-09-30,page read 30 Sep
P022,Sojanya,Men's Cotton Ethnic Motifs Embroidered Mehndi Kurta With White Pyjama,festive,100% Cotton,none,10996,2969,https://sojanya.com/products/mens-cotton-ethnic-motifs-embroidered-mehndi-kurta-with-white-pyjama,2026-09-30,page read 30 Sep
P023,Sojanya,Men's Cotton Linen Maroon Foil Printed Kurta and White Pyjama Set,festive,Kurta Cotton Linen; Pyjama 100% Cotton,none,4319,777.42,https://sojanya.com/products/mens-cotton-linen-maroon-foil-printed-kurta-and-white-pyjama-set,2026-09-30,page read 30 Sep
P024,Sojanya,Men's Cotton Ethnic Motifs Embroidered Teal Kurta With White Pyjama,festive,100% Cotton,none,10996,2969,https://sojanya.com/products/mens-cotton-ethnic-motifs-embroidered-teal-kurta-with-white-pyjama,2026-09-30,page read 30 Sep; plus sizes 46-54
P025,Sojanya,Men's Cotton Blend Checked White Kurta & Churidar Pyjama Set,everyday,Kurta Cotton Blend; Pyjama 100% Cotton,none,3299,824.75,https://sojanya.com/products/mens-cotton-blend-checked-white-kurta-churidar-pyjama-set,2026-09-30,page read 30 Sep
P026,Sojanya,Men's Regular Thread Work Cotton White Kurta with Churidar,everyday,100% Cotton,none,7330,1759.20,https://sojanya.com/products/mens-regular-thread-work-cotton-white-kurta-with-churidar,2026-09-30,page read 30 Sep
P027,Sojanya,Men's Sequinned Cotton Black Kurta With Churidar,festive,100% Cotton,none,5619,1517.13,https://sojanya.com/products/mens-sequinned-cotton-black-kurta-with-churidar,2026-09-30,page read 30 Sep
P028,Sojanya,Men's Sequinned Cotton Teal Blue Kurta With Churidar,festive,100% Cotton,none,5619,1517.13,https://sojanya.com/products/mens-sequinned-cotton-teal-blue-kurta-with-churidar,2026-09-30,page read 30 Sep
P029,Sojanya,Men's Silk Blend Blue Embroidered Kurta & White Churidar Pyjama Set,festive,Kurta Silk Blend; Pyjama 100% Cotton,none,3747,1386.39,https://sojanya.com/products/mens-silk-blend-blue-embroidered-kurta-white-churidar-pyjama-set,2026-09-30,page read 30 Sep
P030,Isha Life,Men Undyed Organic Cotton Kurta - Off-White (kurta only),everyday,organic cotton (no % shown),"""organic"" with no certifier or licence",750,750,https://ishalife.sadhguru.org/in/men-undyed-organic-cotton-kurta-off-white,2026-09-29,register R032; kurta only
