brand,product_name,site,product_url,rating,review_text,review_date
Fabindia,Striped Mandarin Collar Cotton Straight Kurta,Myntra,https://www.myntra.com/kurtas/fabindia/fabindia-striped-mandarin-collar-cotton-straight-kurta/30031310/buy,5,Quality is very good and perfect for summer !,19 Mar 2025
Fabindia,Striped Mandarin Collar Cotton Straight Kurta,Myntra,https://www.myntra.com/kurtas/fabindia/fabindia-striped-mandarin-collar-cotton-straight-kurta/30031310/buy,5,"I recently purchased this pink kurta pajama, and I must say I’m thoroughly impressed. The color is vibrant yet soft—perfect for festive occasions, weddings, or even casual gatherings.",1 June 2025
Fabindia,Striped Mandarin Collar Cotton Straight Kurta,Myntra,https://www.myntra.com/kurtas/fabindia/fabindia-striped-mandarin-collar-cotton-straight-kurta/30031310/buy,5,Product quality is good but green is more prominent than it is in picture.,21 Nov 2024
Fabindia,Striped Mandarin Collar Cotton Straight Kurta,Myntra,https://www.myntra.com/kurtas/fabindia/fabindia-striped-mandarin-collar-cotton-straight-kurta/30031310/buy,5,Extremely comfortable kurta.The sleeves are bit long though.,28 July 2025
Fabindia,Striped Mandarin Collar Cotton Straight Kurta,Myntra,https://www.myntra.com/kurtas/fabindia/fabindia-striped-mandarin-collar-cotton-straight-kurta/30031310/buy,5,Got it for my dad . Runs a lil big especially sleeves but looks really elegant.,6 Apr 2026
Fabindia,Striped Mandarin Collar Cotton Straight Kurta,Myntra,https://www.myntra.com/kurtas/fabindia/fabindia-striped-mandarin-collar-cotton-straight-kurta/30031310/buy,5,Looks even better in person and sizing is also perfectly fitted.,18 Nov 2024
Fabindia,Striped Mandarin Collar Cotton Straight Kurta,Myntra,https://www.myntra.com/kurtas/fabindia/fabindia-striped-mandarin-collar-cotton-straight-kurta/30031310/buy,4,"Product is good, but little tight. Material is transparent. But look is good",11 Aug 2026
Fabindia,Striped Mandarin Collar Cotton Straight Kurta,Myntra,https://www.myntra.com/kurtas/fabindia/fabindia-striped-mandarin-collar-cotton-straight-kurta/30031310/buy,5,Very nice product the quality the thread work everything looks great 👍,3 Oct 2025
Fabindia,Striped Mandarin Collar Cotton Straight Kurta,Myntra,https://www.myntra.com/kurtas/fabindia/fabindia-striped-mandarin-collar-cotton-straight-kurta/30031310/buy,5,Very comfortable and good fabric... Good for day wear,23 Oct 2024
Fabindia,Striped Mandarin Collar Cotton Straight Kurta,Myntra,https://www.myntra.com/kurtas/fabindia/fabindia-striped-mandarin-collar-cotton-straight-kurta/30031310/buy,4,"Good quality cotton product, genuine one, decent discount offered",5 Mar 2026
Fabindia,Striped Mandarin Collar Cotton Straight Kurta,Myntra,https://www.myntra.com/kurtas/fabindia/fabindia-striped-mandarin-collar-cotton-straight-kurta/30031310/buy,5,Color and material is great. Product is fitted really well.,10 Apr 2025
Fabindia,Striped Mandarin Collar Cotton Straight Kurta,Myntra,https://www.myntra.com/kurtas/fabindia/fabindia-striped-mandarin-collar-cotton-straight-kurta/30031310/buy,5,"Beautiful fit, lovely and comfortable cloth",5 Oct 2025
Fabindia,Striped Mandarin Collar Cotton Straight Kurta,Myntra,https://www.myntra.com/kurtas/fabindia/fabindia-striped-mandarin-collar-cotton-straight-kurta/30031310/buy,5,Best quality product with exact fitting,2 July 2025
Fabindia,Striped Mandarin Collar Cotton Straight Kurta,Myntra,https://www.myntra.com/kurtas/fabindia/fabindia-striped-mandarin-collar-cotton-straight-kurta/30031310/buy,4,The size is good but the length is too long.,5 Sept 2026
Fabindia,Striped Mandarin Collar Cotton Straight Kurta,Myntra,https://www.myntra.com/kurtas/fabindia/fabindia-striped-mandarin-collar-cotton-straight-kurta/30031310/buy,5,Nice kurta a bit big for Size M,28 Sept 2025
Fabindia,Striped Mandarin Collar Cotton Straight Kurta,Myntra,https://www.myntra.com/kurtas/fabindia/fabindia-striped-mandarin-collar-cotton-straight-kurta/30031310/buy,5,"Great quality kurta, nice design!",18 Mar 2026
Fabindia,Striped Mandarin Collar Cotton Straight Kurta,Myntra,https://www.myntra.com/kurtas/fabindia/fabindia-striped-mandarin-collar-cotton-straight-kurta/30031310/buy,5,Amazing fit and material,3 Oct 2024
Fabindia,Striped Mandarin Collar Cotton Straight Kurta,Myntra,https://www.myntra.com/kurtas/fabindia/fabindia-striped-mandarin-collar-cotton-straight-kurta/30031310/buy,5,Just perfect for small ethnic get together,31 Mar 2025
Fabindia,Striped Mandarin Collar Cotton Straight Kurta,Myntra,https://www.myntra.com/kurtas/fabindia/fabindia-striped-mandarin-collar-cotton-straight-kurta/30031310/buy,5,Good colour and nice fittings,18 Feb 2026
Fabindia,Striped Mandarin Collar Cotton Straight Kurta,Myntra,https://www.myntra.com/kurtas/fabindia/fabindia-striped-mandarin-collar-cotton-straight-kurta/30031310/buy,5,Excellent fit and pure cotton material!,13 Aug 2026
Fabindia,Striped Mandarin Collar Cotton Straight Kurta,Myntra,https://www.myntra.com/kurtas/fabindia/fabindia-striped-mandarin-collar-cotton-straight-kurta/30031310/buy,5,Wonderful product😆,30 July 2025
Fabindia,Striped Mandarin Collar Cotton Straight Kurta,Myntra,https://www.myntra.com/kurtas/fabindia/fabindia-striped-mandarin-collar-cotton-straight-kurta/30031310/buy,5,Cotton and nice design,27 Aug 2025
Fabindia,Striped Mandarin Collar Cotton Straight Kurta,Myntra,https://www.myntra.com/kurtas/fabindia/fabindia-striped-mandarin-collar-cotton-straight-kurta/30031310/buy,5,Very nice fabric and good fit,14 May 2026
Fabindia,Striped Mandarin Collar Cotton Straight Kurta,Myntra,https://www.myntra.com/kurtas/fabindia/fabindia-striped-mandarin-collar-cotton-straight-kurta/30031310/buy,5,Good product and quality,21 Apr 2026
Fabindia,Striped Mandarin Collar Cotton Straight Kurta,Myntra,https://www.myntra.com/kurtas/fabindia/fabindia-striped-mandarin-collar-cotton-straight-kurta/30031310/buy,4,Good kurta but size bit big,7 Dec 2025
Fabindia,Striped Mandarin Collar Cotton Straight Kurta,Myntra,https://www.myntra.com/kurtas/fabindia/fabindia-striped-mandarin-collar-cotton-straight-kurta/30031310/buy,3,Not pure cotton. And size wise little tight,21 May 2025
Fabindia,Striped Mandarin Collar Cotton Straight Kurta,Myntra,https://www.myntra.com/kurtas/fabindia/fabindia-striped-mandarin-collar-cotton-straight-kurta/30031310/buy,5,Worth it product,26 Sept 2024
Fabindia,Striped Mandarin Collar Cotton Straight Kurta,Myntra,https://www.myntra.com/kurtas/fabindia/fabindia-striped-mandarin-collar-cotton-straight-kurta/30031310/buy,4,Good product,2 Apr 2025
Fabindia,Striped Mandarin Collar Cotton Straight Kurta,Myntra,https://www.myntra.com/kurtas/fabindia/fabindia-striped-mandarin-collar-cotton-straight-kurta/30031310/buy,5,So beautiful,12 July 2026
Fabindia,Striped Mandarin Collar Cotton Straight Kurta,Myntra,https://www.myntra.com/kurtas/fabindia/fabindia-striped-mandarin-collar-cotton-straight-kurta/30031310/buy,5,Nice texture,27 Nov 2024
Fabindia,Striped Mandarin Collar Cotton Straight Kurta,Myntra,https://www.myntra.com/kurtas/fabindia/fabindia-striped-mandarin-collar-cotton-straight-kurta/30031310/buy,5,Fab product,1 May 2025
Fabindia,Striped Mandarin Collar Cotton Straight Kurta,Myntra,https://www.myntra.com/kurtas/fabindia/fabindia-striped-mandarin-collar-cotton-straight-kurta/30031310/buy,5,Beautiful kurta,16 Oct 2025
Fabindia,Striped Mandarin Collar Cotton Straight Kurta,Myntra,https://www.myntra.com/kurtas/fabindia/fabindia-striped-mandarin-collar-cotton-straight-kurta/30031310/buy,4,Soft and breathable,12 Jan 2026
Fabindia,Striped Mandarin Collar Cotton Straight Kurta,Myntra,https://www.myntra.com/kurtas/fabindia/fabindia-striped-mandarin-collar-cotton-straight-kurta/30031310/buy,5,Nice material,23 July 2026
Fabindia,Striped Mandarin Collar Cotton Straight Kurta,Myntra,https://www.myntra.com/kurtas/fabindia/fabindia-striped-mandarin-collar-cotton-straight-kurta/30031310/buy,5,Very 👍 Good,22 July 2025
Fabindia,Striped Mandarin Collar Cotton Straight Kurta,Myntra,https://www.myntra.com/kurtas/fabindia/fabindia-striped-mandarin-collar-cotton-straight-kurta/30031310/buy,5,Super cool,17 Dec 2024
Fabindia,Striped Mandarin Collar Cotton Straight Kurta,Myntra,https://www.myntra.com/kurtas/fabindia/fabindia-striped-mandarin-collar-cotton-straight-kurta/30031310/buy,5,Love it,26 Nov 2025
Fabindia,Striped Mandarin Collar Cotton Straight Kurta,Myntra,https://www.myntra.com/kurtas/fabindia/fabindia-striped-mandarin-collar-cotton-straight-kurta/30031310/buy,5,Good quality,1 Sept 2025
Fabindia,Striped Mandarin Collar Cotton Straight Kurta,Myntra,https://www.myntra.com/kurtas/fabindia/fabindia-striped-mandarin-collar-cotton-straight-kurta/30031310/buy,5,Good,18 Feb 2026
Fabindia,Striped Mandarin Collar Cotton Straight Kurta,Myntra,https://www.myntra.com/kurtas/fabindia/fabindia-striped-mandarin-collar-cotton-straight-kurta/30031310/buy,5,Nice,28 Oct 2024
Fabindia,Striped Mandarin Collar Cotton Straight Kurta,Myntra,https://www.myntra.com/kurtas/fabindia/fabindia-striped-mandarin-collar-cotton-straight-kurta/30031310/buy,4,Liked it very much,17 June 2025
Fabindia,Striped Mandarin Collar Cotton Straight Kurta,Myntra,https://www.myntra.com/kurtas/fabindia/fabindia-striped-mandarin-collar-cotton-straight-kurta/30031310/buy,5,Good as always.,19 June 2025
Fabindia,Striped Mandarin Collar Cotton Straight Kurta,Myntra,https://www.myntra.com/kurtas/fabindia/fabindia-striped-mandarin-collar-cotton-straight-kurta/30031310/buy,5,Nice fabric and looks good.,9 July 2026
Fabindia,Striped Mandarin Collar Cotton Straight Kurta,Myntra,https://www.myntra.com/kurtas/fabindia/fabindia-striped-mandarin-collar-cotton-straight-kurta/30031310/buy,5,Very nice,6 June 2026
Fabindia,Striped Mandarin Collar Cotton Straight Kurta,Myntra,https://www.myntra.com/kurtas/fabindia/fabindia-striped-mandarin-collar-cotton-straight-kurta/30031310/buy,5,Great,26 Nov 2025
Fabindia,Striped Mandarin Collar Cotton Straight Kurta,Myntra,https://www.myntra.com/kurtas/fabindia/fabindia-striped-mandarin-collar-cotton-straight-kurta/30031310/buy,5,Very nyc,25 June 2025
Fabindia,Striped Mandarin Collar Cotton Straight Kurta,Myntra,https://www.myntra.com/kurtas/fabindia/fabindia-striped-mandarin-collar-cotton-straight-kurta/30031310/buy,5,,21 June 2025
Fabindia,Striped Mandarin Collar Cotton Straight Kurta,Myntra,https://www.myntra.com/kurtas/fabindia/fabindia-striped-mandarin-collar-cotton-straight-kurta/30031310/buy,4,Good,20 Dec 2025
Fabindia,Striped Mandarin Collar Cotton Straight Kurta,Myntra,https://www.myntra.com/kurtas/fabindia/fabindia-striped-mandarin-collar-cotton-straight-kurta/30031310/buy,5,Nice,8 Apr 2026
Fabindia,Striped Mandarin Collar Cotton Straight Kurta,Myntra,https://www.myntra.com/kurtas/fabindia/fabindia-striped-mandarin-collar-cotton-straight-kurta/30031310/buy,4,Pure cotton kurta,16 Sept 2026
Fabindia,Striped Mandarin Collar Cotton Straight Kurta,Myntra,https://www.myntra.com/kurtas/fabindia/fabindia-striped-mandarin-collar-cotton-straight-kurta/30031310/buy,4,Quality is fine,31 Jan 2025
Fabindia,Striped Mandarin Collar Cotton Straight Kurta,Myntra,https://www.myntra.com/kurtas/fabindia/fabindia-striped-mandarin-collar-cotton-straight-kurta/30031310/buy,4,Beautiful kurta,28 Feb 2025
Fabindia,Striped Mandarin Collar Cotton Straight Kurta,Myntra,https://www.myntra.com/kurtas/fabindia/fabindia-striped-mandarin-collar-cotton-straight-kurta/30031310/buy,5,Good,26 Nov 2025
Fabindia,Striped Mandarin Collar Cotton Straight Kurta,Myntra,https://www.myntra.com/kurtas/fabindia/fabindia-striped-mandarin-collar-cotton-straight-kurta/30031310/buy,4,Nice purchase,18 May 2026
Fabindia,Striped Mandarin Collar Cotton Straight Kurta,Myntra,https://www.myntra.com/kurtas/fabindia/fabindia-striped-mandarin-collar-cotton-straight-kurta/30031310/buy,4,Nice lenin,22 Sept 2025
Fabindia,Striped Mandarin Collar Cotton Straight Kurta,Myntra,https://www.myntra.com/kurtas/fabindia/fabindia-striped-mandarin-collar-cotton-straight-kurta/30031310/buy,4,A good product!,23 May 2025
Fabindia,Striped Mandarin Collar Cotton Straight Kurta,Myntra,https://www.myntra.com/kurtas/fabindia/fabindia-striped-mandarin-collar-cotton-straight-kurta/30031310/buy,4,Okay,31 July 2026
Fabindia,Striped Mandarin Collar Cotton Straight Kurta,Myntra,https://www.myntra.com/kurtas/fabindia/fabindia-striped-mandarin-collar-cotton-straight-kurta/30031310/buy,4,Comfortable,8 Nov 2025
Fabindia,Striped Mandarin Collar Cotton Straight Kurta,Myntra,https://www.myntra.com/kurtas/fabindia/fabindia-striped-mandarin-collar-cotton-straight-kurta/30031310/buy,5,,30 July 2026
Fabindia,Striped Mandarin Collar Cotton Straight Kurta,Myntra,https://www.myntra.com/kurtas/fabindia/fabindia-striped-mandarin-collar-cotton-straight-kurta/30031310/buy,5,Good,31 July 2025
Fabindia,Striped Mandarin Collar Cotton Straight Kurta,Myntra,https://www.myntra.com/kurtas/fabindia/fabindia-striped-mandarin-collar-cotton-straight-kurta/30031310/buy,5,Good,21 Aug 2025
Fabindia,Striped Mandarin Collar Cotton Straight Kurta,Myntra,https://www.myntra.com/kurtas/fabindia/fabindia-striped-mandarin-collar-cotton-straight-kurta/30031310/buy,5,Good,18 Feb 2026
Fabindia,Striped Mandarin Collar Cotton Straight Kurta,Myntra,https://www.myntra.com/kurtas/fabindia/fabindia-striped-mandarin-collar-cotton-straight-kurta/30031310/buy,5,Very nice,31 Oct 2024
Fabindia,Striped Mandarin Collar Cotton Straight Kurta,Myntra,https://www.myntra.com/kurtas/fabindia/fabindia-striped-mandarin-collar-cotton-straight-kurta/30031310/buy,5,Just wow,18 May 2026
Fabindia,Striped Mandarin Collar Cotton Straight Kurta,Myntra,https://www.myntra.com/kurtas/fabindia/fabindia-striped-mandarin-collar-cotton-straight-kurta/30031310/buy,3,Didn’t like the fit,9 Jan 2026
Fabindia,Striped Mandarin Collar Cotton Straight Kurta,Myntra,https://www.myntra.com/kurtas/fabindia/fabindia-striped-mandarin-collar-cotton-straight-kurta/30031310/buy,3,Good,21 Nov 2025
Fabindia,Striped Mandarin Collar Cotton Straight Kurta,Myntra,https://www.myntra.com/kurtas/fabindia/fabindia-striped-mandarin-collar-cotton-straight-kurta/30031310/buy,2,Not a good fit,25 Sept 2025
Fabindia,Striped Mandarin Collar Cotton Straight Kurta,Myntra,https://www.myntra.com/kurtas/fabindia/fabindia-striped-mandarin-collar-cotton-straight-kurta/30031310/buy,5,Good one,29 Sept 2025
Fabindia,Geometric Woven Design Mandarin Collar Dobby Weave Cotton Straight Kurta,Myntra,https://www.myntra.com/kurtas/fabindia/fabindia-geometric-woven-design-mandarin-collar-dobby-weave-cotton-straight-kurta/30949751/buy,5,Febric is very good and comfortable 👌 Best for any occasion .superb collection Just ..loved it,21 July 2026
Fabindia,Geometric Woven Design Mandarin Collar Dobby Weave Cotton Straight Kurta,Myntra,https://www.myntra.com/kurtas/fabindia/fabindia-geometric-woven-design-mandarin-collar-dobby-weave-cotton-straight-kurta/30949751/buy,5,The colour is exactly as displayed and the material is fine. The fit is good too.,24 July 2025
Fabindia,Geometric Woven Design Mandarin Collar Dobby Weave Cotton Straight Kurta,Myntra,https://www.myntra.com/kurtas/fabindia/fabindia-geometric-woven-design-mandarin-collar-dobby-weave-cotton-straight-kurta/30949751/buy,5,Good fit . The quality is very good for the price and feels very light for summer use .,10 June 2026
Fabindia,Geometric Woven Design Mandarin Collar Dobby Weave Cotton Straight Kurta,Myntra,https://www.myntra.com/kurtas/fabindia/fabindia-geometric-woven-design-mandarin-collar-dobby-weave-cotton-straight-kurta/30949751/buy,5,Great material.. .bought it for my brother and he loved it.,10 May 2026
Fabindia,Geometric Woven Design Mandarin Collar Dobby Weave Cotton Straight Kurta,Myntra,https://www.myntra.com/kurtas/fabindia/fabindia-geometric-woven-design-mandarin-collar-dobby-weave-cotton-straight-kurta/30949751/buy,5,it's a high quality fabric . Thank you fab India and myntra .,25 Jan 2025
Fabindia,Geometric Woven Design Mandarin Collar Dobby Weave Cotton Straight Kurta,Myntra,https://www.myntra.com/kurtas/fabindia/fabindia-geometric-woven-design-mandarin-collar-dobby-weave-cotton-straight-kurta/30949751/buy,4,Everything is fine just the length of the kurta is long,20 June 2026
Fabindia,Geometric Woven Design Mandarin Collar Dobby Weave Cotton Straight Kurta,Myntra,https://www.myntra.com/kurtas/fabindia/fabindia-geometric-woven-design-mandarin-collar-dobby-weave-cotton-straight-kurta/30949751/buy,5,"Amazing quality by FabIndia, thank you Myntra for quick delivery",6 Feb 2026
Fabindia,Geometric Woven Design Mandarin Collar Dobby Weave Cotton Straight Kurta,Myntra,https://www.myntra.com/kurtas/fabindia/fabindia-geometric-woven-design-mandarin-collar-dobby-weave-cotton-straight-kurta/30949751/buy,5,Little transparent but fabric quality is good,27 Apr 2026
Fabindia,Geometric Woven Design Mandarin Collar Dobby Weave Cotton Straight Kurta,Myntra,https://www.myntra.com/kurtas/fabindia/fabindia-geometric-woven-design-mandarin-collar-dobby-weave-cotton-straight-kurta/30949751/buy,5,Good fitting. Nice color.,26 Jan 2026
Fabindia,Geometric Woven Design Mandarin Collar Dobby Weave Cotton Straight Kurta,Myntra,https://www.myntra.com/kurtas/fabindia/fabindia-geometric-woven-design-mandarin-collar-dobby-weave-cotton-straight-kurta/30949751/buy,5,Very graceful and sophisticated look,22 May 2026
Fabindia,Geometric Woven Design Mandarin Collar Dobby Weave Cotton Straight Kurta,Myntra,https://www.myntra.com/kurtas/fabindia/fabindia-geometric-woven-design-mandarin-collar-dobby-weave-cotton-straight-kurta/30949751/buy,5,Nice kurta Looks great,23 June 2026
Fabindia,Geometric Woven Design Mandarin Collar Dobby Weave Cotton Straight Kurta,Myntra,https://www.myntra.com/kurtas/fabindia/fabindia-geometric-woven-design-mandarin-collar-dobby-weave-cotton-straight-kurta/30949751/buy,4,Quality and design was good,11 Sept 2026
Fabindia,Geometric Woven Design Mandarin Collar Dobby Weave Cotton Straight Kurta,Myntra,https://www.myntra.com/kurtas/fabindia/fabindia-geometric-woven-design-mandarin-collar-dobby-weave-cotton-straight-kurta/30949751/buy,5,Good fitting and looks nice,10 June 2025
Fabindia,Geometric Woven Design Mandarin Collar Dobby Weave Cotton Straight Kurta,Myntra,https://www.myntra.com/kurtas/fabindia/fabindia-geometric-woven-design-mandarin-collar-dobby-weave-cotton-straight-kurta/30949751/buy,5,Lovely colour and fabric.,11 Mar 2025
Fabindia,Geometric Woven Design Mandarin Collar Dobby Weave Cotton Straight Kurta,Myntra,https://www.myntra.com/kurtas/fabindia/fabindia-geometric-woven-design-mandarin-collar-dobby-weave-cotton-straight-kurta/30949751/buy,5,Nice kurta...👍🏻👍🏻,14 Dec 2025
Fabindia,Geometric Woven Design Mandarin Collar Dobby Weave Cotton Straight Kurta,Myntra,https://www.myntra.com/kurtas/fabindia/fabindia-geometric-woven-design-mandarin-collar-dobby-weave-cotton-straight-kurta/30949751/buy,5,It was very nice.,2 July 2026
Fabindia,Geometric Woven Design Mandarin Collar Dobby Weave Cotton Straight Kurta,Myntra,https://www.myntra.com/kurtas/fabindia/fabindia-geometric-woven-design-mandarin-collar-dobby-weave-cotton-straight-kurta/30949751/buy,5,Very nice quality,15 Oct 2025
Fabindia,Geometric Woven Design Mandarin Collar Dobby Weave Cotton Straight Kurta,Myntra,https://www.myntra.com/kurtas/fabindia/fabindia-geometric-woven-design-mandarin-collar-dobby-weave-cotton-straight-kurta/30949751/buy,5,Very comfortable,14 Oct 2025
Fabindia,Geometric Woven Design Mandarin Collar Dobby Weave Cotton Straight Kurta,Myntra,https://www.myntra.com/kurtas/fabindia/fabindia-geometric-woven-design-mandarin-collar-dobby-weave-cotton-straight-kurta/30949751/buy,5,Amazing fabric,8 July 2025
Fabindia,Geometric Woven Design Mandarin Collar Dobby Weave Cotton Straight Kurta,Myntra,https://www.myntra.com/kurtas/fabindia/fabindia-geometric-woven-design-mandarin-collar-dobby-weave-cotton-straight-kurta/30949751/buy,5,Nice fit !,15 May 2026
Fabindia,Geometric Woven Design Mandarin Collar Dobby Weave Cotton Straight Kurta,Myntra,https://www.myntra.com/kurtas/fabindia/fabindia-geometric-woven-design-mandarin-collar-dobby-weave-cotton-straight-kurta/30949751/buy,3,Not so good,20 Oct 2024
Fabindia,Geometric Woven Design Mandarin Collar Dobby Weave Cotton Straight Kurta,Myntra,https://www.myntra.com/kurtas/fabindia/fabindia-geometric-woven-design-mandarin-collar-dobby-weave-cotton-straight-kurta/30949751/buy,5,Great,4 Sept 2025
Fabindia,Geometric Woven Design Mandarin Collar Dobby Weave Cotton Straight Kurta,Myntra,https://www.myntra.com/kurtas/fabindia/fabindia-geometric-woven-design-mandarin-collar-dobby-weave-cotton-straight-kurta/30949751/buy,5,Good,20 June 2026
Fabindia,Geometric Woven Design Mandarin Collar Dobby Weave Cotton Straight Kurta,Myntra,https://www.myntra.com/kurtas/fabindia/fabindia-geometric-woven-design-mandarin-collar-dobby-weave-cotton-straight-kurta/30949751/buy,5,Like it,26 May 2026
Fabindia,Geometric Woven Design Mandarin Collar Dobby Weave Cotton Straight Kurta,Myntra,https://www.myntra.com/kurtas/fabindia/fabindia-geometric-woven-design-mandarin-collar-dobby-weave-cotton-straight-kurta/30949751/buy,4,Great product 👌,9 Dec 2024
Fabindia,Geometric Woven Design Mandarin Collar Dobby Weave Cotton Straight Kurta,Myntra,https://www.myntra.com/kurtas/fabindia/fabindia-geometric-woven-design-mandarin-collar-dobby-weave-cotton-straight-kurta/30949751/buy,5,Nice,11 Dec 2025
Fabindia,Geometric Woven Design Mandarin Collar Dobby Weave Cotton Straight Kurta,Myntra,https://www.myntra.com/kurtas/fabindia/fabindia-geometric-woven-design-mandarin-collar-dobby-weave-cotton-straight-kurta/30949751/buy,5,Good,9 Sept 2025
Fabindia,Geometric Woven Design Mandarin Collar Dobby Weave Cotton Straight Kurta,Myntra,https://www.myntra.com/kurtas/fabindia/fabindia-geometric-woven-design-mandarin-collar-dobby-weave-cotton-straight-kurta/30949751/buy,5,Good material,23 July 2026
Fabindia,Geometric Woven Design Mandarin Collar Dobby Weave Cotton Straight Kurta,Myntra,https://www.myntra.com/kurtas/fabindia/fabindia-geometric-woven-design-mandarin-collar-dobby-weave-cotton-straight-kurta/30949751/buy,5,,9 Nov 2024
Fabindia,Geometric Woven Design Mandarin Collar Dobby Weave Cotton Straight Kurta,Myntra,https://www.myntra.com/kurtas/fabindia/fabindia-geometric-woven-design-mandarin-collar-dobby-weave-cotton-straight-kurta/30949751/buy,5,Nice,17 Dec 2024
Fabindia,Geometric Woven Design Mandarin Collar Dobby Weave Cotton Straight Kurta,Myntra,https://www.myntra.com/kurtas/fabindia/fabindia-geometric-woven-design-mandarin-collar-dobby-weave-cotton-straight-kurta/30949751/buy,5,Super,11 May 2025
Fabindia,Geometric Woven Design Mandarin Collar Dobby Weave Cotton Straight Kurta,Myntra,https://www.myntra.com/kurtas/fabindia/fabindia-geometric-woven-design-mandarin-collar-dobby-weave-cotton-straight-kurta/30949751/buy,5,Good,3 Apr 2025
Fabindia,Geometric Woven Design Mandarin Collar Dobby Weave Cotton Straight Kurta,Myntra,https://www.myntra.com/kurtas/fabindia/fabindia-geometric-woven-design-mandarin-collar-dobby-weave-cotton-straight-kurta/30949751/buy,2,Don't buy,6 Mar 2025
Fabindia,Geometric Woven Design Mandarin Collar Dobby Weave Cotton Straight Kurta,Myntra,https://www.myntra.com/kurtas/fabindia/fabindia-geometric-woven-design-mandarin-collar-dobby-weave-cotton-straight-kurta/30949751/buy,2,Poor texture and quality,11 June 2025
Fabindia,Men Green Paisley Printed Cotton Kurta,Myntra,https://www.myntra.com/kurtas/fabindia/fabindia-men-green-paisley-printed-cotton-kurta/20953756/buy,5,"The striped zari detailing gives a rich premium vibe while still keeping it subtle. Fabric feels soft, breathable, and very comfortable for long wear. Perfect choice for festive gatherings, family functions, or classy casual looks. Loved the fit and overall look 🤍",16 May 2026
Fabindia,Men Green Paisley Printed Cotton Kurta,Myntra,https://www.myntra.com/kurtas/fabindia/fabindia-men-green-paisley-printed-cotton-kurta/20953756/buy,5,Stylish and traditional. Can be paired with trousers for an event. Good buy!,15 June 2026
Fabindia,Men Green Paisley Printed Cotton Kurta,Myntra,https://www.myntra.com/kurtas/fabindia/fabindia-men-green-paisley-printed-cotton-kurta/20953756/buy,1,The style is not good. It is too broad for a XL size.,15 Nov 2025
Fabindia,Men Green Paisley Printed Cotton Kurta,Myntra,https://www.myntra.com/kurtas/fabindia/fabindia-men-green-paisley-printed-cotton-kurta/20953756/buy,4,Quality is good but size issue,11 Dec 2025
Fabindia,Men Green Paisley Printed Cotton Kurta,Myntra,https://www.myntra.com/kurtas/fabindia/fabindia-men-green-paisley-printed-cotton-kurta/20953756/buy,4,Comfortable and really nice color,19 Nov 2025
Fabindia,Men Green Paisley Printed Cotton Kurta,Myntra,https://www.myntra.com/kurtas/fabindia/fabindia-men-green-paisley-printed-cotton-kurta/20953756/buy,5,Excellent quality. I like it. Delivery is also on time. Size is perfect for my son. Great,19 Dec 2025
Fabindia,Men Green Paisley Printed Cotton Kurta,Myntra,https://www.myntra.com/kurtas/fabindia/fabindia-men-green-paisley-printed-cotton-kurta/20953756/buy,5,Excellent,5 Apr 2026
Fabindia,Men Green Paisley Printed Cotton Kurta,Myntra,https://www.myntra.com/kurtas/fabindia/fabindia-men-green-paisley-printed-cotton-kurta/20953756/buy,5,Good,22 July 2026
Fabindia,Men Green Paisley Printed Cotton Kurta,Myntra,https://www.myntra.com/kurtas/fabindia/fabindia-men-green-paisley-printed-cotton-kurta/20953756/buy,5,Amazing Quality,16 Mar 2026
Fabindia,Men Green Paisley Printed Cotton Kurta,Myntra,https://www.myntra.com/kurtas/fabindia/fabindia-men-green-paisley-printed-cotton-kurta/20953756/buy,5,Good,30 Oct 2025
Fabindia,Men Green Paisley Printed Cotton Kurta,Myntra,https://www.myntra.com/kurtas/fabindia/fabindia-men-green-paisley-printed-cotton-kurta/20953756/buy,5,Loved it,10 Sept 2026
Fabindia,Men Green Paisley Printed Cotton Kurta,Myntra,https://www.myntra.com/kurtas/fabindia/fabindia-men-green-paisley-printed-cotton-kurta/20953756/buy,4,Good.,31 Oct 2025
Fabindia,Men Green Paisley Printed Cotton Kurta,Myntra,https://www.myntra.com/kurtas/fabindia/fabindia-men-green-paisley-printed-cotton-kurta/20953756/buy,4,Ok,6 Oct 2025
Fabindia,Men Green Paisley Printed Cotton Kurta,Myntra,https://www.myntra.com/kurtas/fabindia/fabindia-men-green-paisley-printed-cotton-kurta/20953756/buy,5,Excellent,6 Oct 2025
Fabindia,Men Green Paisley Printed Cotton Kurta,Myntra,https://www.myntra.com/kurtas/fabindia/fabindia-men-green-paisley-printed-cotton-kurta/20953756/buy,5,quality is good,16 Nov 2025
Fabindia,Men Green Paisley Printed Cotton Kurta,Myntra,https://www.myntra.com/kurtas/fabindia/fabindia-men-green-paisley-printed-cotton-kurta/20953756/buy,5,Great fabric,25 Nov 2025
Fabindia,Men Green Paisley Printed Cotton Kurta,Myntra,https://www.myntra.com/kurtas/fabindia/fabindia-men-green-paisley-printed-cotton-kurta/20953756/buy,2,not good,2 June 2026
Fabindia,Green Short Kurta,Myntra,https://www.myntra.com/kurtas/fabindia/fabindia-green-short-kurta/1413849/buy,4,Bought this for my papa. It came as perfect fit papa is happy he worn it today on Dusshera. I am satisfied with this shopping,25 Oct 2020
Fabindia,Green Short Kurta,Myntra,https://www.myntra.com/kurtas/fabindia/fabindia-green-short-kurta/1413849/buy,5,"Awesome product, quite soft and gives a good feel. The actual product is quite similar to the one shown in the product listing snap",24 Sept 2026
Fabindia,Green Short Kurta,Myntra,https://www.myntra.com/kurtas/fabindia/fabindia-green-short-kurta/1413849/buy,5,"This is the second time I am buying this ,in different color.. Good quality. Looks classy.",3 Feb 2020
Fabindia,Green Short Kurta,Myntra,https://www.myntra.com/kurtas/fabindia/fabindia-green-short-kurta/1413849/buy,5,"Its very good in quantity, while wearing it gives soothing effect. Pure cotton",15 Oct 2023
Fabindia,Green Short Kurta,Myntra,https://www.myntra.com/kurtas/fabindia/fabindia-green-short-kurta/1413849/buy,5,Very comfortable fabric.,14 May 2026
Fabindia,Green Short Kurta,Myntra,https://www.myntra.com/kurtas/fabindia/fabindia-green-short-kurta/1413849/buy,5,Good one with affordable price,13 Sept 2026
Fabindia,Green Short Kurta,Myntra,https://www.myntra.com/kurtas/fabindia/fabindia-green-short-kurta/1413849/buy,5,Good kurta with affordable price,13 Sept 2026
Fabindia,Green Short Kurta,Myntra,https://www.myntra.com/kurtas/fabindia/fabindia-green-short-kurta/1413849/buy,3,Excellent ?,27 July 2021
Fabindia,Green Short Kurta,Myntra,https://www.myntra.com/kurtas/fabindia/fabindia-green-short-kurta/1413849/buy,5,Perfect,30 Mar 2023
Fabindia,Green Short Kurta,Myntra,https://www.myntra.com/kurtas/fabindia/fabindia-green-short-kurta/1413849/buy,5,Good job,24 May 2021
Fabindia,Green Short Kurta,Myntra,https://www.myntra.com/kurtas/fabindia/fabindia-green-short-kurta/1413849/buy,1,Size is not correct.,10 Aug 2021
Fabindia,Men Yellow Cotton Self Design Comfort Fit Super Short Kurta,Myntra,https://www.myntra.com/kurtas/fabindia/fabindia-men-yellow--cotton-self-design-comfort-fit-super-short-kurta/19466870/buy,5,Really good quality. Delivered on time as well.,2 June 2024
Fabindia,Men Yellow Cotton Self Design Comfort Fit Super Short Kurta,Myntra,https://www.myntra.com/kurtas/fabindia/fabindia-men-yellow--cotton-self-design-comfort-fit-super-short-kurta/19466870/buy,5,good quality and color,24 July 2024
Fabindia,Men Yellow Cotton Self Design Comfort Fit Super Short Kurta,Myntra,https://www.myntra.com/kurtas/fabindia/fabindia-men-yellow--cotton-self-design-comfort-fit-super-short-kurta/19466870/buy,5,Good,23 Apr 2024
Fabindia,Ethnic Motifs Woven Design Straight Cotton Silk Kurta,Myntra,https://www.myntra.com/kurtas/fabindia/fabindia-ethnic-motifs-woven-design-straight-cotton-silk-kurta/23001016/buy,3,good ?but size problems my size is L it is tight and XL is loose for me,3 July 2023
Fabindia,Ethnic Motifs Woven Design Straight Cotton Silk Kurta,Myntra,https://www.myntra.com/kurtas/fabindia/fabindia-ethnic-motifs-woven-design-straight-cotton-silk-kurta/23001016/buy,4,Good kurta..,22 Sept 2025
Fabindia,Men Striped Thread Work Kurta,Myntra,https://www.myntra.com/kurtas/fabindia/fabindia-men-striped-thread-work-kurta/37905168/buy,5,Very comfortable Plus size available Fab India is always fabulous #fabinda,12 Jan 2026
Fabindia,Men Striped Thread Work Kurta,Myntra,https://www.myntra.com/kurtas/fabindia/fabindia-men-striped-thread-work-kurta/37905168/buy,5,Very good quality fabric. I liked the fabric a lot so I exchanged it for XXL size and get dresses tailored for my Thakur Ji and my relatives' Thakur Ji s. And trust me it's worth it.,21 Apr 2026
Fabindia,Men Striped Thread Work Kurta,Myntra,https://www.myntra.com/kurtas/fabindia/fabindia-men-striped-thread-work-kurta/37905168/buy,5,"Good, comfortable, pure cotton kurta",2 June 2026
Fabindia,Men Striped Thread Work Kurta,Myntra,https://www.myntra.com/kurtas/fabindia/fabindia-men-striped-thread-work-kurta/37905168/buy,5,We bought this as a gift for a teacher at our institute. He loved it & has been wearing it regularly.,10 June 2025
Fabindia,Men Striped Thread Work Kurta,Myntra,https://www.myntra.com/kurtas/fabindia/fabindia-men-striped-thread-work-kurta/37905168/buy,5,This is the world best kurta. I bought it for my father and he loves it .very nice. Very comfy,10 Mar 2026
Fabindia,Men Striped Thread Work Kurta,Myntra,https://www.myntra.com/kurtas/fabindia/fabindia-men-striped-thread-work-kurta/37905168/buy,5,It is a very beautiful shirt kurta. I brought this for my appa. He loved it.,28 Aug 2025
Fabindia,Men Striped Thread Work Kurta,Myntra,https://www.myntra.com/kurtas/fabindia/fabindia-men-striped-thread-work-kurta/37905168/buy,5,Very soft fabric.. ordered for my dad but its tight to him. Will exchange with bigger size,16 Oct 2025
Fabindia,Men Striped Thread Work Kurta,Myntra,https://www.myntra.com/kurtas/fabindia/fabindia-men-striped-thread-work-kurta/37905168/buy,5,Very nice True to size Affordable price Relaxed fit…Highly recommend,5 Apr 2026
Fabindia,Men Striped Thread Work Kurta,Myntra,https://www.myntra.com/kurtas/fabindia/fabindia-men-striped-thread-work-kurta/37905168/buy,4,My husband looked wonderful 👍 Fab India materials are good to choose at first go.,16 Mar 2026
Fabindia,Men Striped Thread Work Kurta,Myntra,https://www.myntra.com/kurtas/fabindia/fabindia-men-striped-thread-work-kurta/37905168/buy,5,Good quality fabric and fit. Perfect for functions like a small pooja at home.,21 Apr 2026
Fabindia,Men Striped Thread Work Kurta,Myntra,https://www.myntra.com/kurtas/fabindia/fabindia-men-striped-thread-work-kurta/37905168/buy,5,"Best in design , comfort and unique for temple visit Must try",12 June 2025
Fabindia,Men Striped Thread Work Kurta,Myntra,https://www.myntra.com/kurtas/fabindia/fabindia-men-striped-thread-work-kurta/37905168/buy,5,Beautiful kurta by fab india. Color bought pink and blue,2 Mar 2026
Fabindia,Men Striped Thread Work Kurta,Myntra,https://www.myntra.com/kurtas/fabindia/fabindia-men-striped-thread-work-kurta/37905168/buy,5,Fabric is good but size is loose,6 May 2025
Fabindia,Men Striped Thread Work Kurta,Myntra,https://www.myntra.com/kurtas/fabindia/fabindia-men-striped-thread-work-kurta/37905168/buy,5,Nice fabric comfortable and perfect fit,22 Mar 2026
Fabindia,Men Striped Thread Work Kurta,Myntra,https://www.myntra.com/kurtas/fabindia/fabindia-men-striped-thread-work-kurta/37905168/buy,5,Cotton fabric and decent colour,3 Feb 2026
Fabindia,Men Striped Thread Work Kurta,Myntra,https://www.myntra.com/kurtas/fabindia/fabindia-men-striped-thread-work-kurta/37905168/buy,5,Fabric and colour is very good,6 Feb 2026
Fabindia,Men Striped Thread Work Kurta,Myntra,https://www.myntra.com/kurtas/fabindia/fabindia-men-striped-thread-work-kurta/37905168/buy,5,Excellent fitting and cloths.,30 July 2025
Fabindia,Men Striped Thread Work Kurta,Myntra,https://www.myntra.com/kurtas/fabindia/fabindia-men-striped-thread-work-kurta/37905168/buy,5,Very good quality fabric and color,25 Nov 2025
Fabindia,Men Striped Thread Work Kurta,Myntra,https://www.myntra.com/kurtas/fabindia/fabindia-men-striped-thread-work-kurta/37905168/buy,5,Good myntra good customer support thanks,29 July 2025
Fabindia,Men Striped Thread Work Kurta,Myntra,https://www.myntra.com/kurtas/fabindia/fabindia-men-striped-thread-work-kurta/37905168/buy,5,Soft and comfortable,3 Oct 2024
Fabindia,Men Striped Thread Work Kurta,Myntra,https://www.myntra.com/kurtas/fabindia/fabindia-men-striped-thread-work-kurta/37905168/buy,4,Soft and comfortable,10 Dec 2025
Fabindia,Men Striped Thread Work Kurta,Myntra,https://www.myntra.com/kurtas/fabindia/fabindia-men-striped-thread-work-kurta/37905168/buy,4,Quality good fits well,7 Sept 2025
Fabindia,Men Striped Thread Work Kurta,Myntra,https://www.myntra.com/kurtas/fabindia/fabindia-men-striped-thread-work-kurta/37905168/buy,4,Very good quality and colour,26 Jan 2026
Fabindia,Men Striped Thread Work Kurta,Myntra,https://www.myntra.com/kurtas/fabindia/fabindia-men-striped-thread-work-kurta/37905168/buy,5,Fabulous 😍😍,24 Mar 2025
Fabindia,Men Striped Thread Work Kurta,Myntra,https://www.myntra.com/kurtas/fabindia/fabindia-men-striped-thread-work-kurta/37905168/buy,5,Very beautiful,25 Aug 2025
Fabindia,Men Striped Thread Work Kurta,Myntra,https://www.myntra.com/kurtas/fabindia/fabindia-men-striped-thread-work-kurta/37905168/buy,5,Perfect. ❤️,26 Aug 2025
Fabindia,Men Striped Thread Work Kurta,Myntra,https://www.myntra.com/kurtas/fabindia/fabindia-men-striped-thread-work-kurta/37905168/buy,4,Very comfortable,24 Apr 2026
Fabindia,Men Striped Thread Work Kurta,Myntra,https://www.myntra.com/kurtas/fabindia/fabindia-men-striped-thread-work-kurta/37905168/buy,5,Very good fabric,18 Jan 2026
Fabindia,Men Striped Thread Work Kurta,Myntra,https://www.myntra.com/kurtas/fabindia/fabindia-men-striped-thread-work-kurta/37905168/buy,5,Great product,10 Sept 2025
Fabindia,Men Striped Thread Work Kurta,Myntra,https://www.myntra.com/kurtas/fabindia/fabindia-men-striped-thread-work-kurta/37905168/buy,5,Nice fitting,23 Dec 2024
Fabindia,Men Striped Thread Work Kurta,Myntra,https://www.myntra.com/kurtas/fabindia/fabindia-men-striped-thread-work-kurta/37905168/buy,5,Good fabric.,13 Apr 2026
Fabindia,Men Striped Thread Work Kurta,Myntra,https://www.myntra.com/kurtas/fabindia/fabindia-men-striped-thread-work-kurta/37905168/buy,5,good product,17 June 2025
Fabindia,Men Striped Thread Work Kurta,Myntra,https://www.myntra.com/kurtas/fabindia/fabindia-men-striped-thread-work-kurta/37905168/buy,5,nyc fabric,15 Sept 2024
Fabindia,Men Striped Thread Work Kurta,Myntra,https://www.myntra.com/kurtas/fabindia/fabindia-men-striped-thread-work-kurta/37905168/buy,5,Perfect. ❤️,26 Aug 2025
Fabindia,Men Striped Thread Work Kurta,Myntra,https://www.myntra.com/kurtas/fabindia/fabindia-men-striped-thread-work-kurta/37905168/buy,5,Amazing stuff,7 Mar 2026
Fabindia,Men Striped Thread Work Kurta,Myntra,https://www.myntra.com/kurtas/fabindia/fabindia-men-striped-thread-work-kurta/37905168/buy,5,Extremely good,1 Sept 2025
Fabindia,Men Striped Thread Work Kurta,Myntra,https://www.myntra.com/kurtas/fabindia/fabindia-men-striped-thread-work-kurta/37905168/buy,5,Good producr,14 Oct 2025
Fabindia,Men Striped Thread Work Kurta,Myntra,https://www.myntra.com/kurtas/fabindia/fabindia-men-striped-thread-work-kurta/37905168/buy,5,Elegant outfit !!,23 Oct 2024
Fabindia,Men Striped Thread Work Kurta,Myntra,https://www.myntra.com/kurtas/fabindia/fabindia-men-striped-thread-work-kurta/37905168/buy,4,Very good,12 Feb 2026
Fabindia,Men Striped Thread Work Kurta,Myntra,https://www.myntra.com/kurtas/fabindia/fabindia-men-striped-thread-work-kurta/37905168/buy,5,Very nice,12 Apr 2026
Fabindia,Men Striped Thread Work Kurta,Myntra,https://www.myntra.com/kurtas/fabindia/fabindia-men-striped-thread-work-kurta/37905168/buy,1,Good one,19 Oct 2025
Fabindia,Men Striped Thread Work Kurta,Myntra,https://www.myntra.com/kurtas/fabindia/fabindia-men-striped-thread-work-kurta/37905168/buy,5,Good,21 Aug 2025
Fabindia,Men Striped Thread Work Kurta,Myntra,https://www.myntra.com/kurtas/fabindia/fabindia-men-striped-thread-work-kurta/37905168/buy,5,Good,25 May 2025
Fabindia,Men Striped Thread Work Kurta,Myntra,https://www.myntra.com/kurtas/fabindia/fabindia-men-striped-thread-work-kurta/37905168/buy,5,Good,22 May 2025
Fabindia,Men Striped Thread Work Kurta,Myntra,https://www.myntra.com/kurtas/fabindia/fabindia-men-striped-thread-work-kurta/37905168/buy,5,Nice,3 Oct 2025
Fabindia,Men Striped Thread Work Kurta,Myntra,https://www.myntra.com/kurtas/fabindia/fabindia-men-striped-thread-work-kurta/37905168/buy,3,Go for smaller size than the usual ones,13 Nov 2024
Fabindia,Men Striped Thread Work Kurta,Myntra,https://www.myntra.com/kurtas/fabindia/fabindia-men-striped-thread-work-kurta/37905168/buy,5,Good,21 Aug 2025
Fabindia,Men Striped Thread Work Kurta,Myntra,https://www.myntra.com/kurtas/fabindia/fabindia-men-striped-thread-work-kurta/37905168/buy,5,Good,11 Mar 2026
Fabindia,Men Striped Thread Work Kurta,Myntra,https://www.myntra.com/kurtas/fabindia/fabindia-men-striped-thread-work-kurta/37905168/buy,5,Amazing quality,20 Sept 2026
Fabindia,Men Striped Thread Work Kurta,Myntra,https://www.myntra.com/kurtas/fabindia/fabindia-men-striped-thread-work-kurta/37905168/buy,5,Good,1 Mar 2026
Fabindia,Men Striped Thread Work Kurta,Myntra,https://www.myntra.com/kurtas/fabindia/fabindia-men-striped-thread-work-kurta/37905168/buy,5,Nice,2 June 2026
Fabindia,Men Striped Thread Work Kurta,Myntra,https://www.myntra.com/kurtas/fabindia/fabindia-men-striped-thread-work-kurta/37905168/buy,4,Good one,26 Sept 2026
Fabindia,Men Striped Thread Work Kurta,Myntra,https://www.myntra.com/kurtas/fabindia/fabindia-men-striped-thread-work-kurta/37905168/buy,5,good material,17 Oct 2025
Fabindia,Men Striped Thread Work Kurta,Myntra,https://www.myntra.com/kurtas/fabindia/fabindia-men-striped-thread-work-kurta/37905168/buy,5,Fabulous,29 Sept 2025
Fabindia,Men Striped Thread Work Kurta,Myntra,https://www.myntra.com/kurtas/fabindia/fabindia-men-striped-thread-work-kurta/37905168/buy,5,Nice,11 Apr 2026
Fabindia,Men Striped Thread Work Kurta,Myntra,https://www.myntra.com/kurtas/fabindia/fabindia-men-striped-thread-work-kurta/37905168/buy,4,Good,20 Jan 2026
Fabindia,Men Striped Thread Work Kurta,Myntra,https://www.myntra.com/kurtas/fabindia/fabindia-men-striped-thread-work-kurta/37905168/buy,5,Comfortable!,10 Nov 2025
Fabindia,Men Striped Thread Work Kurta,Myntra,https://www.myntra.com/kurtas/fabindia/fabindia-men-striped-thread-work-kurta/37905168/buy,5,Good Product,13 Mar 2025
Fabindia,Men Striped Thread Work Kurta,Myntra,https://www.myntra.com/kurtas/fabindia/fabindia-men-striped-thread-work-kurta/37905168/buy,5,Great,4 May 2026
Fabindia,Men Striped Thread Work Kurta,Myntra,https://www.myntra.com/kurtas/fabindia/fabindia-men-striped-thread-work-kurta/37905168/buy,5,Very nice 👍,17 July 2026
Fabindia,Men Striped Thread Work Kurta,Myntra,https://www.myntra.com/kurtas/fabindia/fabindia-men-striped-thread-work-kurta/37905168/buy,5,Amazing,10 May 2026
Fabindia,Men Striped Thread Work Kurta,Myntra,https://www.myntra.com/kurtas/fabindia/fabindia-men-striped-thread-work-kurta/37905168/buy,5,To good,21 Sept 2025
Fabindia,Men Striped Thread Work Kurta,Myntra,https://www.myntra.com/kurtas/fabindia/fabindia-men-striped-thread-work-kurta/37905168/buy,5,Good,21 Aug 2025
Fabindia,Men Striped Thread Work Kurta,Myntra,https://www.myntra.com/kurtas/fabindia/fabindia-men-striped-thread-work-kurta/37905168/buy,5,Good,19 Dec 2025
Fabindia,Men Striped Thread Work Kurta,Myntra,https://www.myntra.com/kurtas/fabindia/fabindia-men-striped-thread-work-kurta/37905168/buy,5,,4 Nov 2025
Fabindia,Men Striped Thread Work Kurta,Myntra,https://www.myntra.com/kurtas/fabindia/fabindia-men-striped-thread-work-kurta/37905168/buy,4,Nice,12 Aug 2025
Fabindia,Men Striped Thread Work Kurta,Myntra,https://www.myntra.com/kurtas/fabindia/fabindia-men-striped-thread-work-kurta/37905168/buy,4,Good one,5 June 2025
Fabindia,Men Striped Thread Work Kurta,Myntra,https://www.myntra.com/kurtas/fabindia/fabindia-men-striped-thread-work-kurta/37905168/buy,4,Like it,5 Apr 2025
Fabindia,Men Striped Thread Work Kurta,Myntra,https://www.myntra.com/kurtas/fabindia/fabindia-men-striped-thread-work-kurta/37905168/buy,5,Excellent fit,27 Apr 2025
Fabindia,Men Striped Thread Work Kurta,Myntra,https://www.myntra.com/kurtas/fabindia/fabindia-men-striped-thread-work-kurta/37905168/buy,1,Bad,30 Oct 2025
Fabindia,Men Striped Thread Work Kurta,Myntra,https://www.myntra.com/kurtas/fabindia/fabindia-men-striped-thread-work-kurta/37905168/buy,2,It is very dull,14 June 2025
Fabindia,Men Striped Thread Work Kurta,Myntra,https://www.myntra.com/kurtas/fabindia/fabindia-men-striped-thread-work-kurta/37905168/buy,2,Size issue,22 June 2026
Manyavar,Men Yellow Woven Design Straight Kurta,Myntra,https://www.myntra.com/kurtas/manyavar/manyavar-men-yellow-woven-design-straight-kurta/12885190/buy,5,Thank you for delivering the product before durga puja it means alot...thank you so much❤️..the product quality is really good...love Myntra?❤️,11 Oct 2021
Manyavar,Men Yellow Woven Design Straight Kurta,Myntra,https://www.myntra.com/kurtas/manyavar/manyavar-men-yellow-woven-design-straight-kurta/12885190/buy,5,Wonderful Kurtha on reasonable Price meterial also excellent ..really like it manyavar kurtha,2 Dec 2020
Manyavar,Men Yellow Woven Design Straight Kurta,Myntra,https://www.myntra.com/kurtas/manyavar/manyavar-men-yellow-woven-design-straight-kurta/12885190/buy,4,It’s durable and colour matches as expected but the price is little high when I purchased,15 July 2025
Manyavar,Men Yellow Woven Design Straight Kurta,Myntra,https://www.myntra.com/kurtas/manyavar/manyavar-men-yellow-woven-design-straight-kurta/12885190/buy,5,Best kurta quality but the colour is little down as compared to photo,17 Apr 2021
Manyavar,Men Yellow Woven Design Straight Kurta,Myntra,https://www.myntra.com/kurtas/manyavar/manyavar-men-yellow-woven-design-straight-kurta/12885190/buy,5,Very nice and comfortable at reasonable price,23 Apr 2021
Manyavar,Men Yellow Woven Design Straight Kurta,Myntra,https://www.myntra.com/kurtas/manyavar/manyavar-men-yellow-woven-design-straight-kurta/12885190/buy,5,Very nice product ❤️❤️,10 July 2024
Manyavar,Men Yellow Woven Design Straight Kurta,Myntra,https://www.myntra.com/kurtas/manyavar/manyavar-men-yellow-woven-design-straight-kurta/12885190/buy,4,Quality was excellent nice kurta,11 Mar 2021
Manyavar,Men Yellow Woven Design Straight Kurta,Myntra,https://www.myntra.com/kurtas/manyavar/manyavar-men-yellow-woven-design-straight-kurta/12885190/buy,5,Some long.. Othevise,13 Mar 2021
Manyavar,Men Yellow Woven Design Straight Kurta,Myntra,https://www.myntra.com/kurtas/manyavar/manyavar-men-yellow-woven-design-straight-kurta/12885190/buy,4,"Fits as expected, nice fabric very comfortable",30 Nov 2020
Manyavar,Men Yellow Woven Design Straight Kurta,Myntra,https://www.myntra.com/kurtas/manyavar/manyavar-men-yellow-woven-design-straight-kurta/12885190/buy,5,Good meterial,14 Oct 2021
Manyavar,Men Yellow Woven Design Straight Kurta,Myntra,https://www.myntra.com/kurtas/manyavar/manyavar-men-yellow-woven-design-straight-kurta/12885190/buy,5,Good product quality,3 Sept 2021
Manyavar,Men Yellow Woven Design Straight Kurta,Myntra,https://www.myntra.com/kurtas/manyavar/manyavar-men-yellow-woven-design-straight-kurta/12885190/buy,4,Good product,15 Nov 2021
Manyavar,Men Yellow Woven Design Straight Kurta,Myntra,https://www.myntra.com/kurtas/manyavar/manyavar-men-yellow-woven-design-straight-kurta/12885190/buy,4,Good quality,24 May 2024
Manyavar,Men Yellow Woven Design Straight Kurta,Myntra,https://www.myntra.com/kurtas/manyavar/manyavar-men-yellow-woven-design-straight-kurta/12885190/buy,4,Nice,13 Jan 2022
Manyavar,Men Yellow Woven Design Straight Kurta,Myntra,https://www.myntra.com/kurtas/manyavar/manyavar-men-yellow-woven-design-straight-kurta/12885190/buy,4,Good,2 June 2024
Manyavar,Men Yellow Woven Design Straight Kurta,Myntra,https://www.myntra.com/kurtas/manyavar/manyavar-men-yellow-woven-design-straight-kurta/12885190/buy,4,Good,28 Dec 2025
Manyavar,Men Yellow Woven Design Straight Kurta,Myntra,https://www.myntra.com/kurtas/manyavar/manyavar-men-yellow-woven-design-straight-kurta/12885190/buy,5,Very good as usual,26 Mar 2025
Manyavar,Men Yellow Woven Design Straight Kurta,Myntra,https://www.myntra.com/kurtas/manyavar/manyavar-men-yellow-woven-design-straight-kurta/12885190/buy,5,Perfect kurta,12 June 2025
Manyavar,Men Yellow Woven Design Straight Kurta,Myntra,https://www.myntra.com/kurtas/manyavar/manyavar-men-yellow-woven-design-straight-kurta/12885190/buy,5,Very good,6 Oct 2025
Manyavar,Men Yellow Woven Design Straight Kurta,Myntra,https://www.myntra.com/kurtas/manyavar/manyavar-men-yellow-woven-design-straight-kurta/12885190/buy,5,Very nice,27 May 2023
Manyavar,Men Yellow Woven Design Straight Kurta,Myntra,https://www.myntra.com/kurtas/manyavar/manyavar-men-yellow-woven-design-straight-kurta/12885190/buy,5,Good one,4 June 2025
Manyavar,Men Yellow Woven Design Straight Kurta,Myntra,https://www.myntra.com/kurtas/manyavar/manyavar-men-yellow-woven-design-straight-kurta/12885190/buy,5,Very nice,22 Nov 2021
Manyavar,Men Yellow Woven Design Straight Kurta,Myntra,https://www.myntra.com/kurtas/manyavar/manyavar-men-yellow-woven-design-straight-kurta/12885190/buy,5,Awesome,31 Oct 2021
Manyavar,Men Yellow Woven Design Straight Kurta,Myntra,https://www.myntra.com/kurtas/manyavar/manyavar-men-yellow-woven-design-straight-kurta/12885190/buy,5,Nice kurta,7 June 2024
Manyavar,Men Yellow Woven Design Straight Kurta,Myntra,https://www.myntra.com/kurtas/manyavar/manyavar-men-yellow-woven-design-straight-kurta/12885190/buy,3,Nice,22 Apr 2024
Manyavar,Men Yellow Woven Design Straight Kurta,Myntra,https://www.myntra.com/kurtas/manyavar/manyavar-men-yellow-woven-design-straight-kurta/12885190/buy,2,Not look real like manyavar product,11 Oct 2024
Manyavar,Men Yellow Woven Design Straight Kurta,Myntra,https://www.myntra.com/kurtas/manyavar/manyavar-men-yellow-woven-design-straight-kurta/12885190/buy,1,I bought it for my brother...he wore it once and the very next day it started tearing off from sleeves. Please do not buy this else you will simply end up wasting your money.,19 Aug 2021
Manyavar,Men Yellow Woven Design Straight Kurta,Myntra,https://www.myntra.com/kurtas/manyavar/manyavar-men-yellow-woven-design-straight-kurta/12885190/buy,3,Don't waste money on this product. Uncomfortable,13 Oct 2021
Manyavar,Men Yellow Woven Design Straight Kurta,Myntra,https://www.myntra.com/kurtas/manyavar/manyavar-men-yellow-woven-design-straight-kurta/12885190/buy,1,I would like to return my product because of the quality,2 Nov 2021
Manyavar,Men Black Solid Kurta,Myntra,https://www.myntra.com/kurtas/manyavar/manyavar-men-black-solid-kurta/12745664/buy,5,"Quite a present kurta to wear. The design, the breathability and the overall fit are literally perfect.",11 Sept 2025
Manyavar,Men Black Solid Kurta,Myntra,https://www.myntra.com/kurtas/manyavar/manyavar-men-black-solid-kurta/12745664/buy,4,Good Product. Happy with the Product. Would Recommend.,28 June 2026
Manyavar,Men Black Solid Kurta,Myntra,https://www.myntra.com/kurtas/manyavar/manyavar-men-black-solid-kurta/12745664/buy,3,Quality vise good but little bite change in design ....but good,2 May 2022
Manyavar,Men Black Solid Kurta,Myntra,https://www.myntra.com/kurtas/manyavar/manyavar-men-black-solid-kurta/12745664/buy,5,Excellent fitting. Super good fabric.,21 Jan 2024
Manyavar,Men Black Solid Kurta,Myntra,https://www.myntra.com/kurtas/manyavar/manyavar-men-black-solid-kurta/12745664/buy,5,Great product. Great quality,10 Sept 2025
Manyavar,Men Black Solid Kurta,Myntra,https://www.myntra.com/kurtas/manyavar/manyavar-men-black-solid-kurta/12745664/buy,5,Very nice product ☺️,9 July 2024
Manyavar,Men Black Solid Kurta,Myntra,https://www.myntra.com/kurtas/manyavar/manyavar-men-black-solid-kurta/12745664/buy,5,Nice fitting and fabric,17 July 2025
Manyavar,Men Black Solid Kurta,Myntra,https://www.myntra.com/kurtas/manyavar/manyavar-men-black-solid-kurta/12745664/buy,5,Good kurta set ☺️,2 Oct 2024
Manyavar,Men Black Solid Kurta,Myntra,https://www.myntra.com/kurtas/manyavar/manyavar-men-black-solid-kurta/12745664/buy,4,Very nice,8 Dec 2024
Manyavar,Men Black Solid Kurta,Myntra,https://www.myntra.com/kurtas/manyavar/manyavar-men-black-solid-kurta/12745664/buy,4,Nice,20 Jan 2025
Manyavar,Men Black Solid Kurta,Myntra,https://www.myntra.com/kurtas/manyavar/manyavar-men-black-solid-kurta/12745664/buy,5,perfect fitings,11 Sept 2024
Manyavar,Men Black Solid Kurta,Myntra,https://www.myntra.com/kurtas/manyavar/manyavar-men-black-solid-kurta/12745664/buy,5,Best buying,9 Sept 2024
Manyavar,Men Black Solid Kurta,Myntra,https://www.myntra.com/kurtas/manyavar/manyavar-men-black-solid-kurta/12745664/buy,5,Nice quality,12 July 2024
Manyavar,Men Black Solid Kurta,Myntra,https://www.myntra.com/kurtas/manyavar/manyavar-men-black-solid-kurta/12745664/buy,5,Good purchase,27 May 2024
Manyavar,Men Black Solid Kurta,Myntra,https://www.myntra.com/kurtas/manyavar/manyavar-men-black-solid-kurta/12745664/buy,5,Good product,6 Apr 2024
Manyavar,Men Black Solid Kurta,Myntra,https://www.myntra.com/kurtas/manyavar/manyavar-men-black-solid-kurta/12745664/buy,5,It's beautiful,17 Apr 2023
Manyavar,Men Black Solid Kurta,Myntra,https://www.myntra.com/kurtas/manyavar/manyavar-men-black-solid-kurta/12745664/buy,3,Average product.,6 Oct 2024
Manyavar,Men Black Solid Kurta,Myntra,https://www.myntra.com/kurtas/manyavar/manyavar-men-black-solid-kurta/12745664/buy,1,Worst product. Never order this,15 Dec 2020
Manyavar,Men Black Solid Kurta,Myntra,https://www.myntra.com/kurtas/manyavar/manyavar-men-black-solid-kurta/12745664/buy,1,Product quality is not as per aspectation,6 Jan 2025
Manyavar,Ethnic Motifs Woven Design Pure Cotton Straight Kurta with Pyjamas,Myntra,https://www.myntra.com/kurta-sets/manyavar/manyavar-ethnic-motifs-woven-design-pure-cotton-straight-kurta-with-pyjamas/31258611/buy,5,Absolutely obsessed with this piece...Good quality trouser and kurta... combination is good...must buy this product...hurry up,15 June 2026
Manyavar,Ethnic Motifs Woven Design Pure Cotton Straight Kurta with Pyjamas,Myntra,https://www.myntra.com/kurta-sets/manyavar/manyavar-ethnic-motifs-woven-design-pure-cotton-straight-kurta-with-pyjamas/31258611/buy,5,This kurta looks even better in person,5 July 2026
Manyavar,Ethnic Motifs Woven Design Pure Cotton Straight Kurta with Pyjamas,Myntra,https://www.myntra.com/kurta-sets/manyavar/manyavar-ethnic-motifs-woven-design-pure-cotton-straight-kurta-with-pyjamas/31258611/buy,5,Ahhh.. this is a wow product,24 Sept 2025
Manyavar,Ethnic Motifs Woven Design Pure Cotton Straight Kurta with Pyjamas,Myntra,https://www.myntra.com/kurta-sets/manyavar/manyavar-ethnic-motifs-woven-design-pure-cotton-straight-kurta-with-pyjamas/31258611/buy,5,"Simple, sober and smart",2 Nov 2025
Manyavar,Ethnic Motifs Woven Design Pure Cotton Straight Kurta with Pyjamas,Myntra,https://www.myntra.com/kurta-sets/manyavar/manyavar-ethnic-motifs-woven-design-pure-cotton-straight-kurta-with-pyjamas/31258611/buy,5,My husband like it.,15 Apr 2026
Manyavar,Ethnic Motifs Woven Design Pure Cotton Straight Kurta with Pyjamas,Myntra,https://www.myntra.com/kurta-sets/manyavar/manyavar-ethnic-motifs-woven-design-pure-cotton-straight-kurta-with-pyjamas/31258611/buy,5,Loved it,2 Apr 2026
Manyavar,Ethnic Motifs Woven Design Pure Cotton Straight Kurta with Pyjamas,Myntra,https://www.myntra.com/kurta-sets/manyavar/manyavar-ethnic-motifs-woven-design-pure-cotton-straight-kurta-with-pyjamas/31258611/buy,5,Loved it,22 May 2025
Manyavar,Ethnic Motifs Woven Design Pure Cotton Straight Kurta with Pyjamas,Myntra,https://www.myntra.com/kurta-sets/manyavar/manyavar-ethnic-motifs-woven-design-pure-cotton-straight-kurta-with-pyjamas/31258611/buy,5,Nice,9 May 2026
Manyavar,Ethnic Motifs Woven Design Pure Cotton Straight Kurta with Pyjamas,Myntra,https://www.myntra.com/kurta-sets/manyavar/manyavar-ethnic-motifs-woven-design-pure-cotton-straight-kurta-with-pyjamas/31258611/buy,4,,24 Aug 2026
Manyavar,Ethnic Motifs Woven Design Pure Cotton Straight Kurta with Pyjamas,Myntra,https://www.myntra.com/kurta-sets/manyavar/manyavar-ethnic-motifs-woven-design-pure-cotton-straight-kurta-with-pyjamas/31258611/buy,5,Good buy,8 July 2026
Manyavar,Men Floral Printed Kurta,Myntra,https://www.myntra.com/kurtas/manyavar/manyavar-men-floral-printed-kurta/20083006/buy,4,This is nice. It fits correctly and the quality of the material was good,31 May 2024
Manyavar,Men Floral Printed Kurta,Myntra,https://www.myntra.com/kurtas/manyavar/manyavar-men-floral-printed-kurta/20083006/buy,5,Loved material and colour styl fit,24 May 2024
Manyavar,Men Floral Printed Kurta,Myntra,https://www.myntra.com/kurtas/manyavar/manyavar-men-floral-printed-kurta/20083006/buy,5,Nice product for roadster ????,11 May 2023
Manyavar,Men Floral Printed Kurta,Myntra,https://www.myntra.com/kurtas/manyavar/manyavar-men-floral-printed-kurta/20083006/buy,4,Design,16 Jan 2026
Manyavar,Men Floral Printed Kurta,Myntra,https://www.myntra.com/kurtas/manyavar/manyavar-men-floral-printed-kurta/20083006/buy,5,beautuful kurta,16 May 2024
Manyavar,Men Floral Printed Kurta,Myntra,https://www.myntra.com/kurtas/manyavar/manyavar-men-floral-printed-kurta/20083006/buy,5,Nice fit,4 Aug 2024
Manyavar,Men Floral Printed Kurta,Myntra,https://www.myntra.com/kurtas/manyavar/manyavar-men-floral-printed-kurta/20083006/buy,5,Awesome,11 June 2024
Manyavar,Men Floral Printed Kurta,Myntra,https://www.myntra.com/kurtas/manyavar/manyavar-men-floral-printed-kurta/20083006/buy,5,Nice,8 June 2024
Manyavar,Men Floral Printed Kurta,Myntra,https://www.myntra.com/kurtas/manyavar/manyavar-men-floral-printed-kurta/20083006/buy,5,Very nice product,29 Nov 2023
Manyavar,Men Floral Printed Kurta,Myntra,https://www.myntra.com/kurtas/manyavar/manyavar-men-floral-printed-kurta/20083006/buy,1,Very bad ? ghatiya raddi,24 May 2023
Manyavar,Ethnic Motifs Embroidered Mandarin Collar Straight Kurta,Myntra,https://www.myntra.com/kurtas/manyavar/manyavar-ethnic-motifs-embroidered-mandarin-collar-straight-kurta/29916036/buy,5,very good quality. Gifted it to my husband & liked it. The quality is very good. Pure cotton material.,2 Sept 2025
Manyavar,Ethnic Motifs Embroidered Mandarin Collar Straight Kurta,Myntra,https://www.myntra.com/kurtas/manyavar/manyavar-ethnic-motifs-embroidered-mandarin-collar-straight-kurta/29916036/buy,5,Awesome material with superb fitting just wow,9 June 2024
Manyavar,Ethnic Motifs Embroidered Mandarin Collar Straight Kurta,Myntra,https://www.myntra.com/kurtas/manyavar/manyavar-ethnic-motifs-embroidered-mandarin-collar-straight-kurta/29916036/buy,4,Good product,28 May 2024
Manyavar,Ethnic Motifs Embroidered Mandarin Collar Straight Kurta,Myntra,https://www.myntra.com/kurtas/manyavar/manyavar-ethnic-motifs-embroidered-mandarin-collar-straight-kurta/29916036/buy,4,Good product,18 Aug 2024
Manyavar,Ethnic Motifs Embroidered Mandarin Collar Straight Kurta,Myntra,https://www.myntra.com/kurtas/manyavar/manyavar-ethnic-motifs-embroidered-mandarin-collar-straight-kurta/29916036/buy,4,Nice,13 Oct 2025
Manyavar,Ethnic Motifs Embroidered Mandarin Collar Straight Kurta,Myntra,https://www.myntra.com/kurtas/manyavar/manyavar-ethnic-motifs-embroidered-mandarin-collar-straight-kurta/29916036/buy,5,Awesome,27 Dec 2025
Manyavar,Ethnic Motifs Embroidered Mandarin Collar Straight Kurta,Myntra,https://www.myntra.com/kurtas/manyavar/manyavar-ethnic-motifs-embroidered-mandarin-collar-straight-kurta/29916036/buy,5,Wow,5 Aug 2025
Manyavar,Men Navy Blue Printed Straight Kurta,Myntra,https://www.myntra.com/kurtas/manyavar/manyavar-men-navy-blue-printed-straight-kurta/12740538/buy,5,"Excellent, very nice cloth and fit",5 Sept 2025
Manyavar,Men Navy Blue Printed Straight Kurta,Myntra,https://www.myntra.com/kurtas/manyavar/manyavar-men-navy-blue-printed-straight-kurta/12740538/buy,5,Good one,11 Feb 2021
Manyavar,Men Navy Blue Printed Straight Kurta,Myntra,https://www.myntra.com/kurtas/manyavar/manyavar-men-navy-blue-printed-straight-kurta/12740538/buy,5,Good,10 Aug 2024
Manyavar,Men Navy Blue Printed Straight Kurta,Myntra,https://www.myntra.com/kurtas/manyavar/manyavar-men-navy-blue-printed-straight-kurta/12740538/buy,2,Size is too small,12 Nov 2020
Manyavar,Men Peach-Coloured & Cream-Coloured Solid Kurta with Churidar & Nehru Jacket,Myntra,https://www.myntra.com/kurta-sets/manyavar/manyavar-men-peach-coloured--cream-coloured-solid-kurta-with-churidar--nehru-jacket/13460444/buy,1,With a brand name like Manyavar the product quantity is not good at all. Not worth spending this much money.,2 Nov 2021
Manyavar,Men Peach-Coloured & Cream-Coloured Solid Kurta with Churidar & Nehru Jacket,Myntra,https://www.myntra.com/kurta-sets/manyavar/manyavar-men-peach-coloured--cream-coloured-solid-kurta-with-churidar--nehru-jacket/13460444/buy,1,Pls provide me order I'd so that I can file complain in consumer forum as Myntra deny to pick up product,27 June 2021
Manyavar,Men Peach-Coloured & Cream-Coloured Solid Kurta with Churidar & Nehru Jacket,Myntra,https://www.myntra.com/kurta-sets/manyavar/manyavar-men-peach-coloured--cream-coloured-solid-kurta-with-churidar--nehru-jacket/13460444/buy,1,Quality is pathetic.. It's wearing and tearing after one use,21 Dec 2021
Manyavar,Men Peach-Coloured & Cream-Coloured Solid Kurta with Churidar & Nehru Jacket,Myntra,https://www.myntra.com/kurta-sets/manyavar/manyavar-men-peach-coloured--cream-coloured-solid-kurta-with-churidar--nehru-jacket/13460444/buy,1,No return policy and very late delivery.,15 Aug 2021
Manyavar,Men Striped Kurta,Myntra,https://www.myntra.com/kurtas/manyavar/manyavar-men-striped-kurta/36102559/buy,4,Worth the price,19 May 2026
Manyavar,Men Striped Kurta,Myntra,https://www.myntra.com/kurtas/manyavar/manyavar-men-striped-kurta/36102559/buy,5,Nice fit and look,12 Aug 2026
Manyavar,Men Striped Kurta,Myntra,https://www.myntra.com/kurtas/manyavar/manyavar-men-striped-kurta/36102559/buy,5,Good,4 Nov 2025
Tasva,Zero Point Collar Single Kurta,Myntra,https://www.myntra.com/kurtas/tasva/tasva-zero-point-collar-single-kurta/29904665/buy,5,Amazing fit,
Tasva,Men Solid Festive Straight Kurta,Myntra,https://www.myntra.com/kurtas/tasva/tasva-men-solid-festive-straight-kurta/36139053/buy,5,"Superb quality , styling and fit",2 Apr 2026
Tasva,Men Solid Festive Straight Kurta,Myntra,https://www.myntra.com/kurtas/tasva/tasva-men-solid-festive-straight-kurta/36139053/buy,3,Good product but overpriced and too hot after wearing it,21 Aug 2026
